{
    "NAME": "kaggle-nlp-disasters-rnn",
    "MEMO": "/home/ec2-user/.flor/kaggle-nlp-disasters-rnn/2022-02-10T03:26:27.json",
    "KVS": {
        "1.a.avg_train_loss": [
            0.7059469620386759,
            0.7076917489369711
        ],
        "1.a.average_valid_loss": [
            0.6967700198292732,
            0.6895610764622688
        ],
        "2.a.avg_train_loss": [
            0.6902266105016073,
            0.6923072497049968
        ],
        "2.a.average_valid_loss": [
            0.6829253286123276,
            0.6825520619750023
        ],
        "3.a.avg_train_loss": [
            0.6809592127799988,
            0.6949442227681478
        ],
        "3.a.average_valid_loss": [
            0.6810033097863197,
            0.6824836432933807
        ],
        "4.a.avg_train_loss": [
            0.6784246524175008,
            0.6917880853017171
        ],
        "4.a.average_valid_loss": [
            0.6808262467384338,
            0.6832945197820663
        ],
        "5.a.avg_train_loss": [
            0.6733824253082276,
            0.691256308555603
        ],
        "5.a.average_valid_loss": [
            0.6803214326500893,
            0.6823211312294006
        ],
        "6.a.avg_train_loss": [
            0.6729001641273499,
            0.6909714063008626
        ],
        "6.a.average_valid_loss": [
            0.6799953132867813,
            0.6824568137526512
        ],
        "7.a.avg_train_loss": [
            0.6725157260894775,
            0.6920690735181173
        ],
        "7.a.average_valid_loss": [
            0.6797224432229996,
            0.6825732439756393
        ],
        "8.a.avg_train_loss": [
            0.670085608959198,
            0.691990605990092
        ],
        "8.a.average_valid_loss": [
            0.6792096346616745,
            0.6807105839252472
        ],
        "9.a.avg_train_loss": [
            0.6708649476369222,
            0.6923767367998759
        ],
        "9.a.average_valid_loss": [
            0.6784984916448593,
            0.685477189719677
        ],
        "10.a.avg_train_loss": [
            0.6690050999323527,
            0.6917296449343363
        ],
        "10.a.average_valid_loss": [
            0.6783565431833267,
            0.6824996024370193
        ],
        "11.a.avg_train_loss": [
            0.6661575516064961,
            0.6927918076515198
        ],
        "11.a.average_valid_loss": [
            0.6828563511371613,
            0.6815639957785606
        ],
        "12.a.avg_train_loss": [
            0.666037360827128,
            0.6948182781537374
        ],
        "12.a.average_valid_loss": [
            0.6866798996925354,
            0.6830263584852219
        ],
        "13.a.avg_train_loss": [
            0.6657238364219665,
            0.6930997967720032
        ],
        "13.a.average_valid_loss": [
            0.6926262527704239,
            0.6795620918273926
        ],
        "14.a.avg_train_loss": [
            0.6642701466878255,
            0.6920338273048401
        ],
        "14.a.average_valid_loss": [
            0.7056137695908546,
            0.6783988922834396
        ],
        "15.a.avg_train_loss": [
            0.6691776076952617,
            0.682564115524292,
            0.6771242221196493
        ],
        "15.a.average_valid_loss": [
            0.7074613273143768,
            0.6742894127964973,
            0.6841375902295113
        ],
        "16.a.avg_train_loss": [
            0.6722789486249288,
            0.6792692303657532
        ],
        "16.a.average_valid_loss": [
            0.6712086871266365,
            0.6751241981983185
        ],
        "17.a.avg_train_loss": [
            0.6645912567774455,
            0.6814306696256002
        ],
        "17.a.average_valid_loss": [
            0.669800415635109,
            0.6684903129935265
        ],
        "18.a.avg_train_loss": [
            0.661728052298228,
            0.6850314696629842
        ],
        "18.a.average_valid_loss": [
            0.6692551076412201,
            0.6666723266243935
        ],
        "19.a.avg_train_loss": [
            0.6620674331982931,
            0.6803978681564331
        ],
        "19.a.average_valid_loss": [
            0.6659938916563988,
            0.6677105873823166
        ],
        "20.a.avg_train_loss": [
            0.659484879175822,
            0.6823967973391215
        ],
        "20.a.average_valid_loss": [
            0.6703465804457664,
            0.6644828766584396
        ],
        "21.a.avg_train_loss": [
            0.6610340118408203,
            0.6816762328147888
        ],
        "21.a.average_valid_loss": [
            0.6710043996572495,
            0.6706138998270035
        ],
        "22.a.avg_train_loss": [
            0.6594122052192688,
            0.6732511440912883
        ],
        "22.a.average_valid_loss": [
            0.6684077382087708,
            0.6586716249585152
        ],
        "23.a.avg_train_loss": [
            0.6545782526334126,
            0.6719323515892028
        ],
        "23.a.average_valid_loss": [
            0.6565545499324799,
            0.6563090085983276
        ],
        "24.a.avg_train_loss": [
            0.6526019016901652,
            0.6709463318188985
        ],
        "24.a.average_valid_loss": [
            0.6582228541374207,
            0.6930695474147797
        ],
        "25.a.avg_train_loss": [
            0.6638723373413086,
            0.6692342956860861
        ],
        "25.a.average_valid_loss": [
            0.6607753038406372,
            0.6532956138253212
        ],
        "26.a.avg_train_loss": [
            0.6531739791234334,
            0.6745332797368367
        ],
        "26.a.average_valid_loss": [
            0.6607558503746986,
            0.6487413421273232
        ],
        "27.a.avg_train_loss": [
            0.6522777438163757,
            0.6672455787658691
        ],
        "27.a.average_valid_loss": [
            0.6552905291318893,
            0.6564057543873787
        ],
        "28.a.avg_train_loss": [
            0.6529990474383036,
            0.6651067097981771
        ],
        "28.a.average_valid_loss": [
            0.6594576016068459,
            0.6483882740139961
        ],
        "29.a.avg_train_loss": [
            0.6493765632311503,
            0.6655340552330017
        ],
        "29.a.average_valid_loss": [
            0.6915004476904869,
            0.6438932716846466
        ],
        "30.a.avg_train_loss": [
            0.6477229038874308,
            0.6639017860094706,
            0.6552769462267558
        ],
        "30.a.average_valid_loss": [
            0.76730115711689,
            0.6397523581981659,
            0.6729395911097527
        ],
        "31.a.avg_train_loss": [
            0.6486674348513285,
            0.6600505510965983
        ],
        "31.a.average_valid_loss": [
            0.6351058259606361,
            0.6459426730871201
        ],
        "32.a.avg_train_loss": [
            0.6421198010444641,
            0.6669670740763346
        ],
        "32.a.average_valid_loss": [
            0.627907782793045,
            0.6422733142971992
        ],
        "33.a.avg_train_loss": [
            0.6314152320226033,
            0.6625055948893229
        ],
        "33.a.average_valid_loss": [
            0.6209849640727043,
            0.6398200243711472
        ],
        "34.a.avg_train_loss": [
            0.638521154721578,
            0.6522611538569133
        ],
        "34.a.average_valid_loss": [
            0.6230525523424149,
            0.649530254304409
        ],
        "35.a.avg_train_loss": [
            0.6337570627530416,
            0.6411730845769247
        ],
        "35.a.average_valid_loss": [
            0.6264489740133286,
            0.6221791058778763
        ],
        "36.a.avg_train_loss": [
            0.6263224959373475,
            0.6388606667518616
        ],