{
    "NAME": "kaggle-nlp-disasters-rnn",
    "MEMO": "/home/ubuntu/.flor/kaggle-nlp-disasters-rnn/2022-02-02T02:04:44.json",
    "KVS": {
        "1.a.avg_train_loss": [
            0.6876423120498657,
            0.6845341841379802
        ],
        "1.a.average_valid_loss": [
            0.681061714887619,
            0.675457052886486
        ],
        "2.a.avg_train_loss": [
            0.6692665060361226,
            0.6731269041697184
        ],
        "2.a.average_valid_loss": [
            0.6642594337463379,
            0.6524004638195038
        ],
        "3.a.avg_train_loss": [
            0.6466163555781047,
            0.6541852394739787
        ],
        "3.a.average_valid_loss": [
            0.6403421759605408,
            0.6376829966902733
        ],
        "4.a.avg_train_loss": [
            0.6309845368067424,
            0.6357519070307414
        ],
        "4.a.average_valid_loss": [
            0.6264505311846733,
            0.6213456690311432
        ],
        "5.a.avg_train_loss": [
            0.6188112378120423,
            0.6199884653091431
        ],
        "5.a.average_valid_loss": [
            0.618197925388813,
            0.6082366928458214
        ],
        "6.a.avg_train_loss": [
            0.6021163741747538,
            0.6010407567024231
        ],
        "6.a.average_valid_loss": [
            0.6056649684906006,
            0.59450663626194
        ],
        "7.a.avg_train_loss": [
            0.5886491457621257,
            0.5880534529685975
        ],
        "7.a.average_valid_loss": [
            0.5960286632180214,
            0.5852607563138008
        ],
        "8.a.avg_train_loss": [
            0.5721684177716573,
            0.5686798214912414
        ],
        "8.a.average_valid_loss": [
            0.5873972848057747,
            0.5743992552161217
        ],
        "9.a.avg_train_loss": [
            0.5556891202926636,
            0.5489512999852498
        ],
        "9.a.average_valid_loss": [
            0.5765205025672913,
            0.5640440247952938
        ],
        "10.a.avg_train_loss": [
            0.538030085961024,
            0.5319373667240143
        ],
        "10.a.average_valid_loss": [
            0.5655058585107327,
            0.5531398914754391
        ],
        "11.a.avg_train_loss": [
            0.5263037105401357,
            0.5118896663188934
        ],
        "11.a.average_valid_loss": [
            0.559725608676672,
            0.5456148125231266
        ],
        "12.a.avg_train_loss": [
            0.5140361944834392,
            0.49564759333928426
        ],
        "12.a.average_valid_loss": [
            0.5519935749471188,
            0.5421501770615578
        ],
        "13.a.avg_train_loss": [
            0.5066609938939413,
            0.4879956265290578
        ],
        "13.a.average_valid_loss": [
            0.5444952435791492,
            0.5460730977356434
        ],
        "14.a.avg_train_loss": [
            0.4916500429312388,
            0.47031675577163695
        ],
        "14.a.average_valid_loss": [
            0.5386805981397629,
            0.5495829842984676
        ],
        "15.a.avg_train_loss": [
            0.4810708781083425,
            0.4615399181842804,
            0.466616290807724
        ],
        "15.a.average_valid_loss": [
            0.5347208566963673,
            0.5504412464797497,
            0.5305699594318867
        ],
        "16.a.avg_train_loss": [
            0.45223697225252785,
            0.45412890513737997
        ],
        "16.a.average_valid_loss": [
            0.5468637123703957,
            0.5293722860515118
        ],
        "17.a.avg_train_loss": [
            0.43735958536465963,
            0.4465460201104482
        ],
        "17.a.average_valid_loss": [
            0.551711481064558,
            0.5339603237807751
        ],
        "18.a.avg_train_loss": [
            0.42784949342409767,
            0.4347120602925619
        ],
        "18.a.average_valid_loss": [
            0.5538115799427032,
            0.5337368473410606
        ],
        "19.a.avg_train_loss": [
            0.42471909523010254,
            0.423703670501709
        ],
        "19.a.average_valid_loss": [
            0.5622512474656105,
            0.5306548625230789
        ],
        "20.a.avg_train_loss": [
            0.42084535360336306,
            0.4162253518899282
        ],
        "20.a.average_valid_loss": [
            0.5617395117878914,
            0.5264131501317024
        ]
    }
}