{
    "NAME": "kaggle-nlp-disasters-rnn",
    "MEMO": "/home/ec2-user/.flor/kaggle-nlp-disasters-rnn/2022-02-09T17:13:01.json",
    "KVS": {
        "1.a.avg_train_loss": [
            0.6920235872268676,
            0.6886118650436401
        ],
        "1.a.average_valid_loss": [
            0.6816765442490578,
            0.6802521049976349
        ],
        "2.a.avg_train_loss": [
            0.6813830256462097,
            0.6908501068751017
        ],
        "2.a.average_valid_loss": [
            0.6777533665299416,
            0.6779343783855438
        ],
        "3.a.avg_train_loss": [
            0.6771054267883301,
            0.6909546415011089
        ],
        "3.a.average_valid_loss": [
            0.6760107055306435,
            0.6759792566299438
        ],
        "4.a.avg_train_loss": [
            0.6763520320256551,
            0.6838640093803405
        ],
        "4.a.average_valid_loss": [
            0.6741501614451408,
            0.6736625730991364
        ],
        "5.a.avg_train_loss": [
            0.6713104168574016,
            0.6856822927792867
        ],
        "5.a.average_valid_loss": [
            0.6715467795729637,
            0.6713763996958733
        ],
        "6.a.avg_train_loss": [
            0.6672829747200012,
            0.6820627450942993
        ],
        "6.a.average_valid_loss": [
            0.6700033769011497,
            0.6696388348937035
        ],
        "7.a.avg_train_loss": [
            0.6655524532000224,
            0.6806397318840027
        ],
        "7.a.average_valid_loss": [
            0.667925126850605,
            0.6675023213028908
        ],
        "8.a.avg_train_loss": [
            0.6638416647911072,
            0.6793602665265401
        ],
        "8.a.average_valid_loss": [
            0.665748804807663,
            0.6648555472493172
        ],
        "9.a.avg_train_loss": [
            0.6595250129699707,
            0.6764190395673116
        ],
        "9.a.average_valid_loss": [
            0.6629018262028694,
            0.6616826355457306
        ],
        "10.a.avg_train_loss": [
            0.6614746530850728,
            0.6755362192789713
        ],
        "10.a.average_valid_loss": [
            0.6611485034227371,
            0.6598136648535728
        ],
        "11.a.avg_train_loss": [
            0.6636471549669901,
            0.6697992285092672
        ],
        "11.a.average_valid_loss": [
            0.6584444791078568,
            0.6556035503745079
        ],
        "12.a.avg_train_loss": [
            0.6532589077949524,
            0.6638466676076253
        ],
        "12.a.average_valid_loss": [
            0.6535701304674149,
            0.65015609562397
        ],
        "13.a.avg_train_loss": [
            0.6488123138745626,
            0.6592656254768372
        ],
        "13.a.average_valid_loss": [
            0.6495402678847313,
            0.6419370174407959
        ],
        "14.a.avg_train_loss": [
            0.6535728613535563,
            0.6505257646242778
        ],
        "14.a.average_valid_loss": [
            0.6391054317355156,
            0.6356088221073151
        ],
        "15.a.avg_train_loss": [
            0.6363287965456644,
            0.6358266313870747,
            0.6355461160341899
        ],
        "15.a.average_valid_loss": [
            0.6328901574015617,
            0.6255040839314461,
            0.6226654723286629
        ],
        "16.a.avg_train_loss": [
            0.6282158931096394,
            0.6323346614837646
        ],
        "16.a.average_valid_loss": [
            0.619304969906807,
            0.6131511703133583
        ],
        "17.a.avg_train_loss": [
            0.6089397668838501,
            0.6194372614224751
        ],
        "17.a.average_valid_loss": [
            0.6092377528548241,
            0.6060623824596405
        ],
        "18.a.avg_train_loss": [
            0.5945767879486084,
            0.61659703652064
        ],
        "18.a.average_valid_loss": [
            0.601070262491703,
            0.5962821468710899
        ],
        "19.a.avg_train_loss": [
            0.5947406848271688,
            0.5956626772880554
        ],
        "19.a.average_valid_loss": [
            0.5923777744174004,
            0.5890468135476112
        ],
        "20.a.avg_train_loss": [
            0.5961536526679992,
            0.5964306513468425
        ],
        "20.a.average_valid_loss": [
            0.5845505520701408,
            0.5796740427613258
        ],
        "21.a.avg_train_loss": [
            0.556467467546463,
            0.5718910137812296
        ],
        "21.a.average_valid_loss": [
            0.5751219093799591,
            0.5686866715550423
        ],
        "22.a.avg_train_loss": [
            0.5580610394477844,
            0.5662964264551799
        ],
        "22.a.average_valid_loss": [
            0.5714994892477989,
            0.5622129216790199
        ],
        "23.a.avg_train_loss": [
            0.5618813594182333,
            0.5559922675291697
        ],
        "23.a.average_valid_loss": [
            0.5583854019641876,
            0.5536433607339859
        ],
        "24.a.avg_train_loss": [
            0.5544774055480957,
            0.5535394767920176
        ],
        "24.a.average_valid_loss": [
            0.5530731305480003,
            0.547946996986866
        ],
        "25.a.avg_train_loss": [
            0.5550486405690511,
            0.540347421169281
        ],
        "25.a.average_valid_loss": [
            0.5470303744077682,
            0.5431873202323914
        ],
        "26.a.avg_train_loss": [
            0.5417296826839447,
            0.5324641942977906
        ],
        "26.a.average_valid_loss": [
            0.5514509677886963,
            0.5385704673826694
        ],
        "27.a.avg_train_loss": [
            0.53030979235967,
            0.5126762231190999
        ],
        "27.a.average_valid_loss": [
            0.5351056456565857,
            0.5335316173732281
        ],
        "28.a.avg_train_loss": [
            0.5292348444461823,
            0.5199342668056488
        ],
        "28.a.average_valid_loss": [
            0.5331303142011166,
            0.5295250564813614
        ],
        "29.a.avg_train_loss": [
            0.5286533216635386,
            0.5069653213024139
        ],
        "29.a.average_valid_loss": [
            0.5346913821995258,
            0.5270643979310989
        ],
        "30.a.avg_train_loss": [
            0.5355676889419556,
            0.5159137388070424,
            0.5184788048267365
        ],
        "30.a.average_valid_loss": [
            0.5373897664248943,
            0.525127712637186,
            0.5349769480526447
        ],
        "31.a.avg_train_loss": [
            0.5016204655170441,
            0.5146650036176046
        ],
        "31.a.average_valid_loss": [
            0.5220945440232754,
            0.5226459465920925
        ],
        "32.a.avg_train_loss": [
            0.49526602228482564,
            0.5025607546170553
        ],
        "32.a.average_valid_loss": [
            0.5199926681816578,
            0.5239292606711388
        ],
        "33.a.avg_train_loss": [
            0.49490815997123716,
            0.5054028391838074
        ],
        "33.a.average_valid_loss": [
            0.518853671848774,
            0.5158383473753929
        ],
        "34.a.avg_train_loss": [
            0.49603789250055946,
            0.49690905809402464
        ],
        "34.a.average_valid_loss": [
            0.5155374631285667,
            0.5152631253004074
        ],
        "35.a.avg_train_loss": [
            0.4916207273801168,
            0.4882443110148112
        ],
        "35.a.average_valid_loss": [
            0.5181067585945129,
            0.5118867829442024
        ],
        "36.a.avg_train_loss": [
            0.48412920435269674,
            0.47495806217193604
        ],