{
    "NAME": "kaggle-nlp-disasters-rnn",
    "MEMO": "/home/ubuntu/.flor/kaggle-nlp-disasters-rnn/2022-02-02T02:18:01.json",
    "KVS": {
        "1.a.avg_train_loss": [
            0.6922972639401753,
            0.6933471004168192
        ],
        "1.a.average_valid_loss": [
            0.6885379552841187,
            0.6850564107298851
        ],
        "2.a.avg_train_loss": [
            0.6803475817044576,
            0.6870807051658631
        ],
        "2.a.average_valid_loss": [
            0.6802008897066116,
            0.677271656692028
        ],
        "3.a.avg_train_loss": [
            0.6720608075459799,
            0.6865779956181844
        ],
        "3.a.average_valid_loss": [
            0.6729840263724327,
            0.6703668907284737
        ],
        "4.a.avg_train_loss": [
            0.6651201248168945,
            0.6820497194925944
        ],
        "4.a.average_valid_loss": [
            0.6666641235351562,
            0.6641804277896881
        ],
        "5.a.avg_train_loss": [
            0.6572285493214926,
            0.6731103936831156
        ],
        "5.a.average_valid_loss": [
            0.6606380864977837,
            0.6576960384845734
        ],
        "6.a.avg_train_loss": [
            0.6542901396751404,
            0.6674625039100647
        ],
        "6.a.average_valid_loss": [
            0.6541477888822556,
            0.6505412310361862
        ],
        "7.a.avg_train_loss": [
            0.6450075189272563,
            0.6582023143768311
        ],
        "7.a.average_valid_loss": [
            0.6467078104615211,
            0.6419723257422447
        ],
        "8.a.avg_train_loss": [
            0.6403852224349975,
            0.6502121289571127
        ],
        "8.a.average_valid_loss": [
            0.6372993513941765,
            0.6315491944551468
        ],
        "9.a.avg_train_loss": [
            0.6359253207842509,
            0.6290038148562114
        ],
        "9.a.average_valid_loss": [
            0.6252970770001411,
            0.6174820512533188
        ],
        "10.a.avg_train_loss": [
            0.6243325352668763,
            0.6158734242121379
        ],
        "10.a.average_valid_loss": [
            0.6098201498389244,
            0.6025268584489822
        ],
        "11.a.avg_train_loss": [
            0.6128161112467448,
            0.5937547365824382
        ],
        "11.a.average_valid_loss": [
            0.5946068540215492,
            0.5879229381680489
        ],
        "12.a.avg_train_loss": [
            0.5995229999224345,
            0.5836582740147909
        ],
        "12.a.average_valid_loss": [
            0.5813661590218544,
            0.5755012184381485
        ],
        "13.a.avg_train_loss": [
            0.5879806756973267,
            0.5630914072195689
        ],
        "13.a.average_valid_loss": [
            0.5714736059308052,
            0.5646408423781395
        ],
        "14.a.avg_train_loss": [
            0.5686522444089254,
            0.5458118796348572
        ],
        "14.a.average_valid_loss": [
            0.5595005676150322,
            0.5529518276453018
        ],
        "15.a.avg_train_loss": [
            0.551128073533376,
            0.5350214580694834,
            0.5346032917499542
        ],
        "15.a.average_valid_loss": [
            0.5489932596683502,
            0.5430188775062561,
            0.5387986563146114
        ],
        "16.a.avg_train_loss": [
            0.523534494638443,
            0.520211656888326
        ],
        "16.a.average_valid_loss": [
            0.5335255190730095,
            0.531421210616827
        ],
        "17.a.avg_train_loss": [
            0.5100943267345428,
            0.5099676350752512
        ],
        "17.a.average_valid_loss": [
            0.5269510224461555,
            0.5275771282613277
        ],
        "18.a.avg_train_loss": [
            0.49746007720629376,
            0.4942755897839864
        ],
        "18.a.average_valid_loss": [
            0.5218725390732288,
            0.5199018009006977
        ],
        "19.a.avg_train_loss": [
            0.4908989866574605,
            0.48528335690498353
        ],
        "19.a.average_valid_loss": [
            0.5142761431634426,
            0.5140198618173599
        ],
        "20.a.avg_train_loss": [
            0.4809719264507294,
            0.4716276009877523
        ],
        "20.a.average_valid_loss": [
            0.5115003809332848,
            0.5118220746517181
        ],
        "21.a.avg_train_loss": [
            0.4682165622711182,
            0.46562174161275227
        ],
        "21.a.average_valid_loss": [
            0.5082994252443314,
            0.5063911899924278
        ],
        "22.a.avg_train_loss": [
            0.4697826365629832,
            0.45153339505195617
        ],
        "22.a.average_valid_loss": [
            0.5042615681886673,
            0.5030950792133808
        ],
        "23.a.avg_train_loss": [
            0.46621023019154867,
            0.43986379702885947
        ],
        "23.a.average_valid_loss": [
            0.5006364025175571,
            0.5003705024719238
        ],
        "24.a.avg_train_loss": [
            0.4578972339630127,
            0.4314899265766144
        ],
        "24.a.average_valid_loss": [
            0.5011990889906883,
            0.5002625063061714
        ],
        "25.a.avg_train_loss": [
            0.4506489435831706,
            0.4288950800895691
        ],
        "25.a.average_valid_loss": [
            0.499251626431942,
            0.4985746033489704
        ],
        "26.a.avg_train_loss": [
            0.44187742869059243,
            0.4209956169128418
        ],
        "26.a.average_valid_loss": [
            0.4987989589571953,
            0.4965412989258766
        ],
        "27.a.avg_train_loss": [
            0.4400301973025004,
            0.4098713199297587
        ],
        "27.a.average_valid_loss": [
            0.50161013007164,
            0.49979134649038315
        ],
        "28.a.avg_train_loss": [
            0.4361530303955078,
            0.41221797863642373
        ],
        "28.a.average_valid_loss": [
            0.4960772693157196,
            0.49313757941126823
        ],
        "29.a.avg_train_loss": [
            0.4272126575311025,
            0.40872854391733804
        ],
        "29.a.average_valid_loss": [
            0.49855057522654533,
            0.4947848953306675
        ],
        "30.a.avg_train_loss": [
            0.42310732205708823,
            0.40266771117846173,
            0.4052362084388733
        ],
        "30.a.average_valid_loss": [
            0.5012790113687515,
            0.4928688555955887,
            0.5027307569980621
        ],
        "31.a.avg_train_loss": [
            0.40521551767985026,
            0.39827091097831724
        ],
        "31.a.average_valid_loss": [
            0.4988560639321804,
            0.4999186433851719
        ],
        "32.a.avg_train_loss": [
            0.39957017699877423,
            0.404781711101532
        ],
        "32.a.average_valid_loss": [
            0.4967484287917614,
            0.49259576573967934
        ],
        "33.a.avg_train_loss": [
            0.40122255285580954,
            0.3881338854630788
        ],
        "33.a.average_valid_loss": [
            0.495403703302145,
            0.4983932264149189
        ],
        "34.a.avg_train_loss": [
            0.4018473267555237,
            0.3754231154918671
        ],
        "34.a.average_valid_loss": [
            0.49674976989626884,
            0.4958323910832405
        ],
        "35.a.avg_train_loss": [
            0.39553436636924744,
            0.37477947076161705
        ],
        "35.a.average_valid_loss": [
            0.4954000487923622,
            0.4970197528600693
        ],
        "36.a.avg_train_loss": [
            0.38481483260790506,
            0.36632111072540285
        ],