{
    "NAME": "kaggle-nlp-disasters-rnn",
    "MEMO": "/home/ec2-user/.flor/kaggle-nlp-disasters-rnn/2022-02-10T03:21:24.json",
    "KVS": {
        "1.a.avg_train_loss": [
            0.7001779635747274,
            0.687260103225708
        ],
        "1.a.average_valid_loss": [
            0.6826584041118622,
            0.682264506816864
        ],
        "2.a.avg_train_loss": [
            0.6726965069770813,
            0.6846991340319316
        ],
        "2.a.average_valid_loss": [
            0.6775697097182274,
            0.6839002668857574
        ],
        "3.a.avg_train_loss": [
            0.6631740132967631,
            0.6916305700937907
        ],
        "3.a.average_valid_loss": [
            0.6792221143841743,
            0.6738526895642281
        ],
        "4.a.avg_train_loss": [
            0.662668788433075,
            0.6932348291079203
        ],
        "4.a.average_valid_loss": [
            0.6778536736965179,
            0.6811972036957741
        ],
        "5.a.avg_train_loss": [
            0.6590253651142121,
            0.6937485853830974
        ],
        "5.a.average_valid_loss": [
            0.6819142773747444,
            0.6656433641910553
        ],
        "6.a.avg_train_loss": [
            0.6577134966850281,
            0.6948442896207173
        ],
        "6.a.average_valid_loss": [
            0.6601003855466843,
            0.663836732506752
        ],
        "7.a.avg_train_loss": [
            0.6513667742411295,
            0.7251874049504597
        ],
        "7.a.average_valid_loss": [
            0.756660632789135,
            0.6893697306513786
        ],
        "8.a.avg_train_loss": [
            0.6781988104184469,
            0.852959148089091
        ],
        "8.a.average_valid_loss": [
            0.6659877449274063,
            0.7357118874788284
        ],
        "9.a.avg_train_loss": [
            0.7952344497044881,
            0.8758098999659221
        ],
        "9.a.average_valid_loss": [
            0.665109671652317,
            0.7138758078217506
        ],
        "10.a.avg_train_loss": [
            0.7334134260813395,
            0.7045350710550944
        ],
        "10.a.average_valid_loss": [
            0.6807306259870529,
            0.731545940041542
        ],
        "11.a.avg_train_loss": [
            0.6484377940495809,
            0.6638772368431092
        ],
        "11.a.average_valid_loss": [
            0.6554125472903252,
            0.6402140036225319
        ],
        "12.a.avg_train_loss": [
            0.6468906760215759,
            0.6626342455546061
        ],
        "12.a.average_valid_loss": [
            0.6456492617726326,
            0.6456691548228264
        ],
        "13.a.avg_train_loss": [
            0.6383050382137299,
            0.6526675502459208
        ],
        "13.a.average_valid_loss": [
            0.6322954520583153,
            0.628548376262188
        ],
        "14.a.avg_train_loss": [
            0.6283192992210388,
            0.6509383638699849
        ],
        "14.a.average_valid_loss": [
            0.6682919636368752,
            0.6281814202666283
        ],
        "15.a.avg_train_loss": [
            0.6275722702344259,
            0.6385441819826762,
            0.6374872287114461
        ],
        "15.a.average_valid_loss": [
            0.6812890619039536,
            0.6155170202255249,
            0.6200035586953163
        ],
        "16.a.avg_train_loss": [
            0.6276964942614237,
            0.6437080939610799
        ],
        "16.a.average_valid_loss": [
            0.6142826154828072,
            0.6154338344931602
        ],
        "17.a.avg_train_loss": [
            0.6234423756599426,
            0.6409946878751119
        ],
        "17.a.average_valid_loss": [
            0.6152578964829445,
            0.615257740020752
        ],
        "18.a.avg_train_loss": [
            0.6233057498931884,
            0.6400697946548461
        ],
        "18.a.average_valid_loss": [
            0.6152552217245102,
            0.6152552738785744
        ],
        "19.a.avg_train_loss": [
            0.6197806437810262,
            0.6348365942637125
        ],
        "19.a.average_valid_loss": [
            0.6152529120445251,
            0.6152529269456863
        ],
        "20.a.avg_train_loss": [
            0.6210341374079387,
            0.6350414752960205
        ],
        "20.a.average_valid_loss": [
            0.6152503713965416,
            0.6152500361204147
        ],
        "21.a.avg_train_loss": [
            0.6202599048614502,
            0.6385989030202229
        ],
        "21.a.average_valid_loss": [
            0.6152477189898491,
            0.6152475848793983
        ],
        "22.a.avg_train_loss": [
            0.6181892236073812,
            0.6333262761433919
        ],
        "22.a.average_valid_loss": [
            0.6152450069785118,
            0.6152446642518044
        ],
        "23.a.avg_train_loss": [
            0.6135234355926513,
            0.637979519367218
        ],
        "23.a.average_valid_loss": [
            0.6152420341968536,
            0.6152419596910477
        ],
        "24.a.avg_train_loss": [
            0.6294130206108093,
            0.6326264381408692
        ],
        "24.a.average_valid_loss": [
            0.6152398884296417,
            0.6152399256825447
        ],
        "25.a.avg_train_loss": [
            0.631242819627126,
            0.630618139108022
        ],
        "25.a.average_valid_loss": [
            0.6152376309037209,
            0.6152372807264328
        ],
        "26.a.avg_train_loss": [
            0.6263728181521098,
            0.626800803343455
        ],
        "26.a.average_valid_loss": [
            0.6152350679039955,
            0.6152347847819328
        ],
        "27.a.avg_train_loss": [
            0.6309037446975708,
            0.6317012230555217
        ],
        "27.a.average_valid_loss": [
            0.6152328178286552,
            0.6152325198054314
        ],
        "28.a.avg_train_loss": [
            0.624311105410258,
            0.6316498796145121
        ],
        "28.a.average_valid_loss": [
            0.6152304708957672,
            0.6152300760149956
        ],
        "29.a.avg_train_loss": [
            0.634641146659851,
            0.6224138816197713
        ],
        "29.a.average_valid_loss": [
            0.6152283102273941,
            0.6152277067303658
        ],
        "30.a.avg_train_loss": [
            0.622413432598114,
            0.6273568312327067,
            0.6327463547388713
        ],
        "30.a.average_valid_loss": [
            0.615226112306118,
            0.6152252554893494,
            0.6152244284749031
        ],
        "31.a.avg_train_loss": [
            0.6180126627286275,
            0.6423518935839335
        ],
        "31.a.average_valid_loss": [
            0.61522276699543,
            0.6152225136756897
        ],
        "32.a.avg_train_loss": [
            0.6177925864855448,
            0.6351731896400452
        ],
        "32.a.average_valid_loss": [
            0.6152205988764763,
            0.6152204945683479
        ],
        "33.a.avg_train_loss": [
            0.6216984430948893,
            0.6357843001683553
        ],
        "33.a.average_valid_loss": [
            0.6152185797691345,
            0.6152185127139091
        ],
        "34.a.avg_train_loss": [
            0.6180830637613932,
            0.6413378556569417
        ],
        "34.a.average_valid_loss": [
            0.6152165681123734,
            0.6152167394757271
        ],
        "35.a.avg_train_loss": [
            0.6216323932011922,
            0.6333996176719665
        ],
        "35.a.average_valid_loss": [
            0.6152149066329002,
            0.6152145862579346
        ],
        "36.a.avg_train_loss": [
            0.6264239311218261,
            0.6346911152203878
        ],