{
    "NAME": "kaggle-nlp-disasters-rnn",
    "MEMO": "/home/codespace/.flor/kaggle-nlp-disasters-rnn/2022-02-02T00:09:48.json",
    "KVS": {
        "1.a.avg_train_loss": [
            0.6839439233144124,
            0.6804172952969869
        ],
        "1.a.average_valid_loss": [
            0.6754657626152039,
            0.6685536280274391
        ],
        "2.a.avg_train_loss": [
            0.6596281409263611,
            0.6679268956184388
        ],
        "2.a.average_valid_loss": [
            0.65924471616745,
            0.6514612063765526
        ],
        "3.a.avg_train_loss": [
            0.6378989934921264,
            0.6467041293780009
        ],
        "3.a.average_valid_loss": [
            0.640392042696476,
            0.6274067237973213
        ],
        "4.a.avg_train_loss": [
            0.6091321269671123,
            0.5961937069892883
        ],
        "4.a.average_valid_loss": [
            0.6087899133563042,
            0.5929456129670143
        ],
        "5.a.avg_train_loss": [
            0.5762326518694559,
            0.548277622461319
        ],
        "5.a.average_valid_loss": [
            0.5820803791284561,
            0.5698836520314217
        ],
        "6.a.avg_train_loss": [
            0.5359615941842397,
            0.51614763935407
        ],
        "6.a.average_valid_loss": [
            0.5730333775281906,
            0.5510248839855194
        ],
        "7.a.avg_train_loss": [
            0.5074152807394664,
            0.47752662698427834
        ],
        "7.a.average_valid_loss": [
            0.5463869422674179,
            0.5364352278411388
        ],
        "8.a.avg_train_loss": [
            0.4830653210481008,
            0.4510063648223877
        ],
        "8.a.average_valid_loss": [
            0.5317632891237736,
            0.5276833288371563
        ],
        "9.a.avg_train_loss": [
            0.4623734652996063,
            0.42756861050923667
        ],
        "9.a.average_valid_loss": [
            0.5245103351771832,
            0.5233972035348415
        ],
        "10.a.avg_train_loss": [
            0.4549405554930369,
            0.4115283370018005
        ],
        "10.a.average_valid_loss": [
            0.5134032107889652,
            0.5192639119923115
        ],
        "11.a.avg_train_loss": [
            0.41986308693885804,
            0.3849639018376668
        ],
        "11.a.average_valid_loss": [
            0.5150032043457031,
            0.516107477247715
        ],
        "12.a.avg_train_loss": [
            0.4063104152679443,
            0.3595443288485209
        ],
        "12.a.average_valid_loss": [
            0.5035633035004139,
            0.5255490206182003
        ],
        "13.a.avg_train_loss": [
            0.3855591893196106,
            0.35532288551330565
        ],
        "13.a.average_valid_loss": [
            0.5105528645217419,
            0.5270184762775898
        ],
        "14.a.avg_train_loss": [
            0.35872236688931786,
            0.34240265091260275
        ],
        "14.a.average_valid_loss": [
            0.5132865272462368,
            0.519726537168026
        ],
        "15.a.avg_train_loss": [
            0.34379754662513734,
            0.3396637201309204,
            0.3227950851122538
        ],
        "15.a.average_valid_loss": [
            0.5432795956730843,
            0.5309363678097725,
            0.5316855199635029
        ],
        "16.a.avg_train_loss": [
            0.3264695624510447,
            0.3065904021263123
        ],
        "16.a.average_valid_loss": [
            0.5324939787387848,
            0.546339076012373
        ],
        "17.a.avg_train_loss": [
            0.3206279218196869,
            0.29991988440354667
        ],
        "17.a.average_valid_loss": [
            0.5325359627604485,
            0.5332078486680984
        ],
        "18.a.avg_train_loss": [
            0.3153185228506724,
            0.2801776866118113
        ],
        "18.a.average_valid_loss": [
            0.5289670787751675,
            0.5723321177065372
        ],
        "19.a.avg_train_loss": [
            0.3308857540289561,
            0.284926176071167
        ],
        "19.a.average_valid_loss": [
            0.5664943531155586,
            0.5427361875772476
        ],
        "20.a.avg_train_loss": [
            0.3157404581705729,
            0.26993705828984577
        ],
        "20.a.average_valid_loss": [
            0.5640868172049522,
            0.5608351975679398
        ]
    }
}