{
    "NAME": "kaggle-nlp-disasters-rnn",
    "MEMO": "/home/ec2-user/.flor/kaggle-nlp-disasters-rnn/2022-02-10T03:25:23.json",
    "KVS": {
        "1.a.avg_train_loss": [
            0.698712186018626,
            0.694100805123647
        ],
        "1.a.average_valid_loss": [
            0.6884217336773872,
            0.6817054376006126
        ],
        "2.a.avg_train_loss": [
            0.6779677589734395,
            0.6912352164586385
        ],
        "2.a.average_valid_loss": [
            0.681349478662014,
            0.6806457713246346
        ],
        "3.a.avg_train_loss": [
            0.6703659653663635,
            0.6924710472424825
        ],
        "3.a.average_valid_loss": [
            0.6796024441719055,
            0.679849348962307
        ],
        "4.a.avg_train_loss": [
            0.6683339675267538,
            0.6923773924509684
        ],
        "4.a.average_valid_loss": [
            0.6804086938500404,
            0.6826953813433647
        ],
        "5.a.avg_train_loss": [
            0.6635100960731506,
            0.6920496066411336
        ],
        "5.a.average_valid_loss": [
            0.6858023703098297,
            0.6800760850310326
        ],
        "6.a.avg_train_loss": [
            0.6649986386299134,
            0.6909959316253662
        ],
        "6.a.average_valid_loss": [
            0.6859911158680916,
            0.6872796788811684
        ],
        "7.a.avg_train_loss": [
            0.6621500293413798,
            0.6904248476028443
        ],
        "7.a.average_valid_loss": [
            0.6822613999247551,
            0.6782956570386887
        ],
        "8.a.avg_train_loss": [
            0.6602039098739624,
            0.6899446209271749
        ],
        "8.a.average_valid_loss": [
            0.6753955110907555,
            0.673770435154438
        ],
        "9.a.avg_train_loss": [
            0.657501471042633,
            0.6879557490348815
        ],
        "9.a.average_valid_loss": [
            0.6761434897780418,
            0.696905218064785
        ],
        "10.a.avg_train_loss": [
            0.6606292366981507,
            0.6900340755780537
        ],
        "10.a.average_valid_loss": [
            0.6871603280305862,
            0.6792286336421967
        ],
        "11.a.avg_train_loss": [
            0.659125006198883,
            0.6869655728340149
        ],
        "11.a.average_valid_loss": [
            0.6702342182397842,
            0.6714688688516617
        ],
        "12.a.avg_train_loss": [
            0.6577480912208558,
            0.6839860876401266
        ],
        "12.a.average_valid_loss": [
            0.6706388667225838,
            0.6743946373462677
        ],
        "13.a.avg_train_loss": [
            0.6648471077283223,
            0.6821768641471863
        ],
        "13.a.average_valid_loss": [
            0.6691858470439911,
            0.664199948310852
        ],
        "14.a.avg_train_loss": [
            0.66269837419192,
            0.6848246177037557
        ],
        "14.a.average_valid_loss": [
            0.693134993314743,
            0.6730169728398323
        ],
        "15.a.avg_train_loss": [
            0.6596951683362325,
            0.6811407327651977,
            0.6780748009681702
        ],
        "15.a.average_valid_loss": [
            0.8370074331760406,
            0.6636014059185982,
            0.7054566070437431
        ],
        "16.a.avg_train_loss": [
            0.6652503430843353,
            0.6799874345461527
        ],
        "16.a.average_valid_loss": [
            0.6593398302793503,
            0.6763001754879951
        ],
        "17.a.avg_train_loss": [
            0.6544622162977854,
            0.6870943268140157
        ],
        "17.a.average_valid_loss": [
            0.659009262919426,
            0.6574679389595985
        ],
        "18.a.avg_train_loss": [
            0.6531030237674713,
            0.6838544766108196
        ],
        "18.a.average_valid_loss": [
            0.6519832238554955,
            0.660330168902874
        ],
        "19.a.avg_train_loss": [
            0.6450530449549358,
            0.6791773796081543
        ],
        "19.a.average_valid_loss": [
            0.7619232907891273,
            0.6379415765404701
        ],
        "20.a.avg_train_loss": [
            0.6448792556921641,
            0.6820714076360067
        ],
        "20.a.average_valid_loss": [
            0.6912306696176529,
            0.6457492187619209
        ],
        "21.a.avg_train_loss": [
            0.639564581712087,
            0.6996049801508586
        ],
        "21.a.average_valid_loss": [
            0.6303778365254402,
            0.6329240053892136
        ],
        "22.a.avg_train_loss": [
            0.6418951213359833,
            0.7284925778706869
        ],
        "22.a.average_valid_loss": [
            0.7348504662513733,
            0.6230558305978775
        ],
        "23.a.avg_train_loss": [
            0.6448748628298442,
            0.7404048442840576
        ],
        "23.a.average_valid_loss": [
            0.6614102944731712,
            0.6144874840974808
        ],
        "24.a.avg_train_loss": [
            0.6252454658349355,
            0.7129487673441569
        ],
        "24.a.average_valid_loss": [
            0.6082098037004471,
            0.6334248408675194
        ],
        "25.a.avg_train_loss": [
            0.649619976679484,
            0.7852383653322855
        ],
        "25.a.average_valid_loss": [
            0.6219426989555359,
            0.9088641032576561
        ],
        "26.a.avg_train_loss": [
            0.6542317191759746,
            0.7585495591163636
        ],
        "26.a.average_valid_loss": [
            0.6376882269978523,
            0.9089542105793953
        ],
        "27.a.avg_train_loss": [
            0.7097215135892232,
            0.7428576111793518
        ],
        "27.a.average_valid_loss": [
            0.6057877391576767,
            0.8986728712916374
        ],
        "28.a.avg_train_loss": [
            0.6653042912483216,
            0.6887526392936707
        ],
        "28.a.average_valid_loss": [
            0.6045933216810226,
            0.9964483603835106
        ],
        "29.a.avg_train_loss": [
            0.8419350385665894,
            0.7973710417747497
        ],
        "29.a.average_valid_loss": [
            0.605518028140068,
            0.7575810924172401
        ],
        "30.a.avg_train_loss": [
            0.8211975177129109,
            0.8459078431129455,
            0.9471170743306477
        ],
        "30.a.average_valid_loss": [
            0.9542636275291443,
            0.9488697648048401,
            1.271893322467804
        ],
        "31.a.avg_train_loss": [
            0.8101444005966186,
            0.9204790592193604
        ],
        "31.a.average_valid_loss": [
            0.6571838185191154,
            0.7729506492614746
        ],
        "32.a.avg_train_loss": [
            0.7140378713607788,
            0.9564682483673096
        ],
        "32.a.average_valid_loss": [
            0.6313847452402115,
            0.6296309307217598
        ],
        "33.a.avg_train_loss": [
            0.8438625733057658,
            1.0917977650960287
        ],
        "33.a.average_valid_loss": [
            1.1761702299118042,
            0.8345360159873962
        ],
        "34.a.avg_train_loss": [
            0.9145908236503602,
            0.989649216334025
        ],
        "34.a.average_valid_loss": [
            1.5144055783748627,
            1.1451630145311356
        ],
        "35.a.avg_train_loss": [
            0.8891791939735413,
            1.2300985455513
        ],
        "35.a.average_valid_loss": [
            1.0954649671912193,
            0.7882006242871284
        ],
        "36.a.avg_train_loss": [
            1.0137819906075796,
            1.0374859611193339
        ],