{
    "NAME": "kaggle-nlp-disasters-rnn",
    "MEMO": "/home/ubuntu/.flor/kaggle-nlp-disasters-rnn/2022-02-02T02:22:34.json",
    "KVS": {
        "1.a.avg_train_loss": [
            0.686095945040385,
            0.6872400879859925
        ],
        "1.a.average_valid_loss": [
            0.6750378832221031,
            0.6726094633340836
        ],
        "2.a.avg_train_loss": [
            0.6609337647755941,
            0.6691540161768595
        ],
        "2.a.average_valid_loss": [
            0.6534397974610329,
            0.6363938972353935
        ],
        "3.a.avg_train_loss": [
            0.6222122152646382,
            0.6102084755897522
        ],
        "3.a.average_valid_loss": [
            0.6071681529283524,
            0.570414125919342
        ],
        "4.a.avg_train_loss": [
            0.5458619197209676,
            0.5496245443820953
        ],
        "4.a.average_valid_loss": [
            0.5487371757626534,
            0.5331595540046692
        ],
        "5.a.avg_train_loss": [
            0.48727045257886253,
            0.4957418521245321
        ],
        "5.a.average_valid_loss": [
            0.5247439742088318,
            0.5092727281153202
        ],
        "6.a.avg_train_loss": [
            0.46582918961842856,
            0.45615434845288594
        ],
        "6.a.average_valid_loss": [
            0.5098708346486092,
            0.4976186752319336
        ],
        "7.a.avg_train_loss": [
            0.4385158856709798,
            0.41500890056292217
        ],
        "7.a.average_valid_loss": [
            0.49684519320726395,
            0.503251351416111
        ],
        "8.a.avg_train_loss": [
            0.4199006617069244,
            0.382296888033549
        ],
        "8.a.average_valid_loss": [
            0.49022645503282547,
            0.5254956819117069
        ],
        "9.a.avg_train_loss": [
            0.3923230210940043,
            0.3707253913084666
        ],
        "9.a.average_valid_loss": [
            0.4944012351334095,
            0.5148463472723961
        ],
        "10.a.avg_train_loss": [
            0.37364971240361533,
            0.34928656021753945
        ],
        "10.a.average_valid_loss": [
            0.4895588420331478,
            0.5339138172566891
        ],
        "11.a.avg_train_loss": [
            0.36932495633761087,
            0.34209453662236533
        ],
        "11.a.average_valid_loss": [
            0.48493512347340584,
            0.517570223659277
        ],
        "12.a.avg_train_loss": [
            0.3306122124195099,
            0.3079728066921234
        ],
        "12.a.average_valid_loss": [
            0.5336371660232544,
            0.5120312869548798
        ],
        "13.a.avg_train_loss": [
            0.3107473621765772,
            0.31181583205858865
        ],
        "13.a.average_valid_loss": [
            0.6409628391265869,
            0.5155559107661247
        ],
        "14.a.avg_train_loss": [
            0.3197491765022278,
            0.2936153749624888
        ],
        "14.a.average_valid_loss": [
            0.5924205109477043,
            0.5416762419044971
        ],
        "15.a.avg_train_loss": [
            0.3116387446721395,
            0.2734714527924856,
            0.29304739634195964
        ],
        "15.a.average_valid_loss": [
            0.5786549970507622,
            0.5686648041009903,
            0.5896285697817802
        ],
        "16.a.avg_train_loss": [
            0.2642494350671768,
            0.27944669922192894
        ],
        "16.a.average_valid_loss": [
            0.5842581689357758,
            0.6216501817107201
        ],
        "17.a.avg_train_loss": [
            0.25613072911898294,
            0.2591754456361135
        ],
        "17.a.average_valid_loss": [
            0.6353914961218834,
            0.6311792284250259
        ],
        "18.a.avg_train_loss": [
            0.25707100331783295,
            0.26219017306963605
        ],
        "18.a.average_valid_loss": [
            0.6036326810717583,
            0.6111070960760117
        ],
        "19.a.avg_train_loss": [
            0.26165491342544556,
            0.2308926244576772
        ],
        "19.a.average_valid_loss": [
            0.6084612533450127,
            0.6082679629325867
        ],
        "20.a.avg_train_loss": [
            0.23953353861967722,
            0.22176926732063293
        ],
        "20.a.average_valid_loss": [
            0.650767371058464,
            0.6631786003708839
        ],
        "21.a.avg_train_loss": [
            0.2446984777847926,
            0.2239713927110036
        ],
        "21.a.average_valid_loss": [
            0.6394314914941788,
            0.7042854055762291
        ],
        "22.a.avg_train_loss": [
            0.23512982726097106,
            0.2064264605442683
        ],
        "22.a.average_valid_loss": [
            0.6710551530122757,
            0.6805536150932312
        ],
        "23.a.avg_train_loss": [
            0.20771418710549672,
            0.19182470540205637
        ],
        "23.a.average_valid_loss": [
            0.8005159199237823,
            0.6731559932231903
        ],
        "24.a.avg_train_loss": [
            0.20126930276552837,
            0.18893124163150787
        ],
        "24.a.average_valid_loss": [
            0.8851057589054108,
            0.6898266896605492
        ],
        "25.a.avg_train_loss": [
            0.190974556406339,
            0.18542171319325765
        ],
        "25.a.average_valid_loss": [
            0.9062226191163063,
            0.7284716963768005
        ],
        "26.a.avg_train_loss": [
            0.19119628469149272,
            0.17657472391923268
        ],
        "26.a.average_valid_loss": [
            0.7958185896277428,
            0.7375431209802628
        ],
        "27.a.avg_train_loss": [
            0.19240588744481404,
            0.17168404161930084
        ],
        "27.a.average_valid_loss": [
            0.8965319320559502,
            0.810438983142376
        ],
        "28.a.avg_train_loss": [
            0.18514996071656545,
            0.15926713248093924
        ],
        "28.a.average_valid_loss": [
            0.8607866317033768,
            0.8301694095134735
        ],
        "29.a.avg_train_loss": [
            0.17472123801708223,
            0.1668073167403539
        ],
        "29.a.average_valid_loss": [
            0.7436526417732239,
            0.9390281289815903
        ],
        "30.a.avg_train_loss": [
            0.19803387025992075,
            0.1673960268497467,
            0.1639496048291524
        ],
        "30.a.average_valid_loss": [
            0.7808074727654457,
            0.898992545902729,
            0.7618624046444893
        ],
        "31.a.avg_train_loss": [
            0.17665410935878753,
            0.18134715060393017
        ],
        "31.a.average_valid_loss": [
            0.8736662939190865,
            0.8471611589193344
        ],
        "32.a.avg_train_loss": [
            0.17448823700348537,
            0.16010227153698603
        ],
        "32.a.average_valid_loss": [
            0.9206542298197746,
            0.8039649575948715
        ],
        "33.a.avg_train_loss": [
            0.17030578603347143,
            0.14620894193649292
        ],
        "33.a.average_valid_loss": [
            1.0426511690020561,
            0.8736853823065758
        ],
        "34.a.avg_train_loss": [
            0.1784700651963552,
            0.1499437893430392
        ],
        "34.a.average_valid_loss": [
            0.8878836706280708,
            0.8570653274655342
        ],
        "35.a.avg_train_loss": [
            0.17494018773237865,
            0.1518366331855456
        ],
        "35.a.average_valid_loss": [
            0.8997405469417572,
            0.8442150875926018
        ],