{
    "NAME": "kaggle-nlp-disasters-rnn",
    "MEMO": "/home/ubuntu/.flor/kaggle-nlp-disasters-rnn/2022-02-02T02:03:57.json",
    "KVS": {
        "1.a.avg_train_loss": [
            0.6899487892786662,
            0.6851683020591736
        ],
        "1.a.average_valid_loss": [
            0.6794122457504272,
            0.6760000437498093
        ],
        "2.a.avg_train_loss": [
            0.670348584651947,
            0.6773730039596557
        ],
        "2.a.average_valid_loss": [
            0.6679030135273933,
            0.6639057397842407
        ],
        "3.a.avg_train_loss": [
            0.6515738805135091,
            0.6553532242774963
        ],
        "3.a.average_valid_loss": [
            0.6528556868433952,
            0.6459940373897552
        ],
        "4.a.avg_train_loss": [
            0.6385298490524292,
            0.6301167050997416
        ],
        "4.a.average_valid_loss": [
            0.6418106034398079,
            0.633645623922348
        ],
        "5.a.avg_train_loss": [
            0.6180069168408712,
            0.6085423707962037
        ],
        "5.a.average_valid_loss": [
            0.6291389837861061,
            0.6231896281242371
        ],
        "6.a.avg_train_loss": [
            0.5993227561314901,
            0.5910779158274333
        ],
        "6.a.average_valid_loss": [
            0.6214014738798141,
            0.6153812631964684
        ],
        "7.a.avg_train_loss": [
            0.5865402619043986,
            0.5756808082262675
        ],
        "7.a.average_valid_loss": [
            0.6159253567457199,
            0.600619487464428
        ],
        "8.a.avg_train_loss": [
            0.5672889669736226,
            0.5649125039577484
        ],
        "8.a.average_valid_loss": [
            0.6105692163109779,
            0.596157044172287
        ],
        "9.a.avg_train_loss": [
            0.554599924882253,
            0.5461218357086182
        ],
        "9.a.average_valid_loss": [
            0.6035155430436134,
            0.5831428170204163
        ],
        "10.a.avg_train_loss": [
            0.5393897195657095,
            0.537565819422404
        ],
        "10.a.average_valid_loss": [
            0.6032627150416374,
            0.5742878913879395
        ],
        "11.a.avg_train_loss": [
            0.5223482390244801,
            0.5196425338586171
        ],
        "11.a.average_valid_loss": [
            0.588263139128685,
            0.565872460603714
        ],
        "12.a.avg_train_loss": [
            0.5077975153923034,
            0.5063755055268605
        ],
        "12.a.average_valid_loss": [
            0.5864713415503502,
            0.5609054043889046
        ],
        "13.a.avg_train_loss": [
            0.5022821724414825,
            0.5003427386283874
        ],
        "13.a.average_valid_loss": [
            0.5635186806321144,
            0.5578514784574509
        ],
        "14.a.avg_train_loss": [
            0.487911057472229,
            0.4899324893951416
        ],
        "14.a.average_valid_loss": [
            0.5813757255673409,
            0.5561167597770691
        ],
        "15.a.avg_train_loss": [
            0.4750770529111226,
            0.4839487274487813,
            0.4608281513055166
        ],
        "15.a.average_valid_loss": [
            0.5558388605713844,
            0.5628882572054863,
            0.5566452667117119
        ],
        "16.a.avg_train_loss": [
            0.46775395671526593,
            0.4583132088184357
        ],
        "16.a.average_valid_loss": [
            0.5724713802337646,
            0.5458077639341354
        ],
        "17.a.avg_train_loss": [
            0.4469803472359975,
            0.4559806009133657
        ],
        "17.a.average_valid_loss": [
            0.5862821266055107,
            0.5480328910052776
        ],
        "18.a.avg_train_loss": [
            0.4458276033401489,
            0.45709653894106544
        ],
        "18.a.average_valid_loss": [
            0.5718876272439957,
            0.5370254330337048
        ],
        "19.a.avg_train_loss": [
            0.4414421796798706,
            0.4361769676208496
        ],
        "19.a.average_valid_loss": [
            0.5520955175161362,
            0.5380572192370892
        ],
        "20.a.avg_train_loss": [
            0.4228673080603282,
            0.4256293555100759
        ],
        "20.a.average_valid_loss": [
            0.537276204675436,
            0.5389858260750771
        ]
    }
}