{
    "NAME": "kaggle-nlp-disasters-rnn",
    "MEMO": "/home/ubuntu/.flor/kaggle-nlp-disasters-rnn/2022-02-02T01:13:27.json",
    "KVS": {
        "1.a.avg_train_loss": [
            0.6903175036112468,
            0.6867189804712931
        ],
        "1.a.average_valid_loss": [
            0.6778717264533043,
            0.6695303916931152
        ],
        "2.a.avg_train_loss": [
            0.6713604132334391,
            0.6829804102579753
        ],
        "2.a.average_valid_loss": [
            0.6586019545793533,
            0.6542929410934448
        ],
        "3.a.avg_train_loss": [
            0.6611260771751404,
            0.6788405974706014
        ],
        "3.a.average_valid_loss": [
            0.6456637606024742,
            0.6461534276604652
        ],
        "4.a.avg_train_loss": [
            0.6564108490943908,
            0.6822075446446737
        ],
        "4.a.average_valid_loss": [
            0.6368201449513435,
            0.6386134847998619
        ],
        "5.a.avg_train_loss": [
            0.6518870711326599,
            0.6709300994873046
        ],
        "5.a.average_valid_loss": [
            0.6274759992957115,
            0.625034749507904
        ],
        "6.a.avg_train_loss": [
            0.6517544905344645,
            0.6733694156010945
        ],
        "6.a.average_valid_loss": [
            0.6198218837380409,
            0.6150920540094376
        ],
        "7.a.avg_train_loss": [
            0.6464262882868449,
            0.6704908053080241
        ],
        "7.a.average_valid_loss": [
            0.6216499507427216,
            0.6214607208967209
        ],
        "8.a.avg_train_loss": [
            0.6487478097279866,
            0.667024572690328
        ],
        "8.a.average_valid_loss": [
            0.6489981934428215,
            0.6580550596117973
        ],
        "9.a.avg_train_loss": [
            0.6393826365470886,
            0.6551790118217469
        ],
        "9.a.average_valid_loss": [
            0.7232353389263153,
            0.7004610374569893
        ],
        "10.a.avg_train_loss": [
            0.643199602762858,
            0.6556401173273723
        ],
        "10.a.average_valid_loss": [
            0.7581607699394226,
            0.7790561616420746
        ],
        "11.a.avg_train_loss": [
            0.6400667866071065,
            0.6505810101826985
        ],
        "11.a.average_valid_loss": [
            0.8152516782283783,
            0.8158625140786171
        ],
        "12.a.avg_train_loss": [
            0.6330448746681213,
            0.6448951164881388
        ],
        "12.a.average_valid_loss": [
            0.8684019595384598,
            0.8598348945379257
        ],
        "13.a.avg_train_loss": [
            0.6336839874585469,
            0.6416689117749532
        ],
        "13.a.average_valid_loss": [
            0.8542395904660225,
            0.8243676275014877
        ],
        "14.a.avg_train_loss": [
            0.6431328773498535,
            0.64312318166097
        ],
        "14.a.average_valid_loss": [
            0.7193425819277763,
            0.7715547904372215
        ],
        "15.a.avg_train_loss": [
            0.6335153261820475,
            0.6339535435040792,
            0.6287696599960327
        ],
        "15.a.average_valid_loss": [
            0.6939166560769081,
            0.7753831893205643,
            0.7603511586785316
        ],
        "16.a.avg_train_loss": [
            0.6313908775647481,
            0.6396814107894897
        ],
        "16.a.average_valid_loss": [
            0.823614314198494,
            0.7122116535902023
        ],
        "17.a.avg_train_loss": [
            0.6198181748390198,
            0.6403305013974507
        ],
        "17.a.average_valid_loss": [
            0.794064462184906,
            0.7275455519556999
        ],
        "18.a.avg_train_loss": [
            0.6109226465225219,
            0.6285355766614278
        ],
        "18.a.average_valid_loss": [
            0.8105187937617302,
            0.7724908217787743
        ],
        "19.a.avg_train_loss": [
            0.6229236642519633,
            0.6202588438987732
        ],
        "19.a.average_valid_loss": [
            0.7909632176160812,
            0.7055853009223938
        ],
        "20.a.avg_train_loss": [
            0.6114643375078838,
            0.6194309194882711
        ],
        "20.a.average_valid_loss": [
            0.7732905820012093,
            0.710697241127491
        ],
        "21.a.avg_train_loss": [
            0.5971547126770019,
            0.6221818844477336
        ],
        "21.a.average_valid_loss": [
            0.7583208829164505,
            0.7171822264790535
        ],
        "22.a.avg_train_loss": [
            0.5990453521410625,
            0.6150715827941895
        ],
        "22.a.average_valid_loss": [
            0.8049704730510712,
            0.7235240340232849
        ],
        "23.a.avg_train_loss": [
            0.6107537031173706,
            0.6191879272460937
        ],
        "23.a.average_valid_loss": [
            0.797655425965786,
            0.7272624224424362
        ],
        "24.a.avg_train_loss": [
            0.6036578774452209,
            0.60454949537913
        ],
        "24.a.average_valid_loss": [
            0.7510639950633049,
            0.7603992894291878
        ],
        "25.a.avg_train_loss": [
            0.5980753421783447,
            0.6109566529591878
        ],
        "25.a.average_valid_loss": [
            0.8287743926048279,
            0.7647711634635925
        ],
        "26.a.avg_train_loss": [
            0.5948630611101786,
            0.6097899317741394
        ],
        "26.a.average_valid_loss": [
            0.7818104475736618,
            0.723178006708622
        ],
        "27.a.avg_train_loss": [
            0.593775733311971,
            0.6054667313893636
        ],
        "27.a.average_valid_loss": [
            0.732441820204258,
            0.7565809190273285
        ],
        "28.a.avg_train_loss": [
            0.6007182637850443,
            0.6010553042093912
        ],
        "28.a.average_valid_loss": [
            0.7365712374448776,
            0.743793711066246
        ],
        "29.a.avg_train_loss": [
            0.589526895682017,
            0.5892382740974427
        ],
        "29.a.average_valid_loss": [
            0.7213378474116325,
            0.7510451078414917
        ],
        "30.a.avg_train_loss": [
            0.5950592517852783,
            0.5894107858339945,
            0.5895293831825257
        ],
        "30.a.average_valid_loss": [
            0.7225285544991493,
            0.7566854059696198,
            0.7209610193967819
        ],
        "31.a.avg_train_loss": [
            0.5789801518122355,
            0.5945017417271932
        ],
        "31.a.average_valid_loss": [
            0.758216954767704,
            0.7075464427471161
        ],
        "32.a.avg_train_loss": [
            0.5797063906987509,
            0.5894768953323364
        ],
        "32.a.average_valid_loss": [
            0.7361318841576576,
            0.7068072333931923
        ],
        "33.a.avg_train_loss": [
            0.5769809921582539,
            0.5919344663619995
        ],
        "33.a.average_valid_loss": [
            0.7400794252753258,
            0.7144708931446075
        ],
        "34.a.avg_train_loss": [
            0.5636932233969371,
            0.5846949497858683
        ],
        "34.a.average_valid_loss": [
            0.7578413113951683,
            0.6988492831587791
        ],
        "35.a.avg_train_loss": [
            0.5686439156532288,
            0.5925597627957662
        ],
        "35.a.average_valid_loss": [
            0.7293594926595688,
            0.6634586676955223
        ],
        "36.a.avg_train_loss": [
            0.5634803334871928,
            0.5591926733652751
        ],