{
    "NAME": "kaggle-nlp-disasters-rnn",
    "MEMO": "/home/ec2-user/.flor/kaggle-nlp-disasters-rnn/2022-02-10T03:20:08.json",
    "KVS": {
        "1.a.avg_train_loss": [
            0.7100947936375935,
            0.7027262012163799
        ],
        "1.a.average_valid_loss": [
            0.6997243985533714,
            0.6997091919183731
        ],
        "2.a.avg_train_loss": [
            0.7020330429077148,
            0.696245010693868
        ],
        "2.a.average_valid_loss": [
            0.6921384483575821,
            0.6886282786726952
        ],
        "3.a.avg_train_loss": [
            0.684713621934255,
            0.6970683336257935
        ],
        "3.a.average_valid_loss": [
            0.6832274049520493,
            0.6837724521756172
        ],
        "4.a.avg_train_loss": [
            0.6784325917561849,
            0.6925976355870564
        ],
        "4.a.average_valid_loss": [
            0.6817052736878395,
            0.6838863790035248
        ],
        "5.a.avg_train_loss": [
            0.6758345286051433,
            0.6908867041269938
        ],
        "5.a.average_valid_loss": [
            0.6807202249765396,
            0.6829596683382988
        ],
        "6.a.avg_train_loss": [
            0.6749306837717692,
            0.6908225893974305
        ],
        "6.a.average_valid_loss": [
            0.679826408624649,
            0.6832583546638489
        ],
        "7.a.avg_train_loss": [
            0.670992648601532,
            0.6904656012852987
        ],
        "7.a.average_valid_loss": [
            0.6786971390247345,
            0.6814250200986862
        ],
        "8.a.avg_train_loss": [
            0.6679968078931172,
            0.6929342706998189
        ],
        "8.a.average_valid_loss": [
            0.6781924217939377,
            0.6801404803991318
        ],
        "9.a.avg_train_loss": [
            0.6690289417902628,
            0.6878675858179728
        ],
        "9.a.average_valid_loss": [
            0.6773990765213966,
            0.6843369677662849
        ],
        "10.a.avg_train_loss": [
            0.6694308360417683,
            0.6894508639971415
        ],
        "10.a.average_valid_loss": [
            0.6776677370071411,
            0.6800004541873932
        ],
        "11.a.avg_train_loss": [
            0.6630263129870096,
            0.6914272665977478
        ],
        "11.a.average_valid_loss": [
            0.6810161992907524,
            0.6781939938664436
        ],
        "12.a.avg_train_loss": [
            0.6629482944806416,
            0.6892105976740519
        ],
        "12.a.average_valid_loss": [
            0.6831716001033783,
            0.6762300729751587
        ],
        "13.a.avg_train_loss": [
            0.662963871161143,
            0.6879076917966207
        ],
        "13.a.average_valid_loss": [
            0.6895493641495705,
            0.6736538112163544
        ],
        "14.a.avg_train_loss": [
            0.6623504598935445,
            0.6859212239583333
        ],
        "14.a.average_valid_loss": [
            0.7042471393942833,
            0.6734035015106201
        ],
        "15.a.avg_train_loss": [
            0.6673824707667033,
            0.6793114900588989,
            0.6758748610814412
        ],
        "15.a.average_valid_loss": [
            0.7045759037137032,
            0.6691303625702858,
            0.678375355899334
        ],
        "16.a.avg_train_loss": [
            0.6656809091567993,
            0.6811586658159892
        ],
        "16.a.average_valid_loss": [
            0.6671652048826218,
            0.6689843460917473
        ],
        "17.a.avg_train_loss": [
            0.6617329398790995,
            0.682444139321645
        ],
        "17.a.average_valid_loss": [
            0.6661107838153839,
            0.6671862006187439
        ],
        "18.a.avg_train_loss": [
            0.6563217520713807,
            0.6893704096476237
        ],
        "18.a.average_valid_loss": [
            0.6682424768805504,
            0.6677391082048416
        ],
        "19.a.avg_train_loss": [
            0.6563540856043498,
            0.6828356623649597
        ],
        "19.a.average_valid_loss": [
            0.66561558842659,
            0.6690763309597969
        ],
        "20.a.avg_train_loss": [
            0.6561503211657206,
            0.6825397729873657
        ],
        "20.a.average_valid_loss": [
            0.672748327255249,
            0.6680789217352867
        ],
        "21.a.avg_train_loss": [
            0.6559153199195862,
            0.6827806989351909
        ],
        "21.a.average_valid_loss": [
            0.6699051856994629,
            0.6712793037295341
        ],
        "22.a.avg_train_loss": [
            0.6501151243845622,
            0.682163683573405
        ],
        "22.a.average_valid_loss": [
            0.665063701570034,
            0.6651229560375214
        ],
        "23.a.avg_train_loss": [
            0.6555229067802429,
            0.6824913263320923
        ],
        "23.a.average_valid_loss": [
            0.6621536910533905,
            0.6640208587050438
        ],
        "24.a.avg_train_loss": [
            0.6563432455062866,
            0.6811253627141317
        ],
        "24.a.average_valid_loss": [
            0.6670011952519417,
            0.6749133989214897
        ],
        "25.a.avg_train_loss": [
            0.6513473689556122,
            0.674109959602356
        ],
        "25.a.average_valid_loss": [
            0.6661182716488838,
            0.6622336208820343
        ],
        "26.a.avg_train_loss": [
            0.6534596641858419,
            0.6748470783233642
        ],
        "26.a.average_valid_loss": [
            0.6614066958427429,
            0.66190155595541
        ],
        "27.a.avg_train_loss": [
            0.6547926624615987,
            0.6771160801251729
        ],
        "27.a.average_valid_loss": [
            0.6616319790482521,
            0.665177620947361
        ],
        "28.a.avg_train_loss": [
            0.6558371345202129,
            0.669378650188446
        ],
        "28.a.average_valid_loss": [
            0.6692113354802132,
            0.6563553288578987
        ],
        "29.a.avg_train_loss": [
            0.6507346212863923,
            0.6729337652524312
        ],
        "29.a.average_valid_loss": [
            0.7083675190806389,
            0.6583885326981544
        ],
        "30.a.avg_train_loss": [
            0.6544944961865743,
            0.6678046027819315,
            0.6604708393414815
        ],
        "30.a.average_valid_loss": [
            0.7376568093895912,
            0.6580839827656746,
            0.6808217763900757
        ],
        "31.a.avg_train_loss": [
            0.6515896995862325,
            0.6631649096806844
        ],
        "31.a.average_valid_loss": [
            0.6550488844513893,
            0.6577786430716515
        ],
        "32.a.avg_train_loss": [
            0.6437531312306722,
            0.6730062564214071
        ],
        "32.a.average_valid_loss": [
            0.6500971615314484,
            0.6549578905105591
        ],
        "33.a.avg_train_loss": [
            0.6329715967178344,
            0.6731013377507528
        ],
        "33.a.average_valid_loss": [
            0.6567468866705894,
            0.648467592895031
        ],
        "34.a.avg_train_loss": [
            0.6348412811756134,
            0.6689861059188843
        ],
        "34.a.average_valid_loss": [
            0.646786279976368,
            0.6492812111973763
        ],
        "35.a.avg_train_loss": [
            0.636981709798177,
            0.6630115866661072
        ],
        "35.a.average_valid_loss": [
            0.645438477396965,
            0.6430602893233299
        ],
        "36.a.avg_train_loss": [
            0.6318098545074463,
            0.6629220167795817
        ],