{
    "NAME": "kaggle-nlp-disasters-rnn",
    "MEMO": "/home/ec2-user/.flor/kaggle-nlp-disasters-rnn/2022-02-10T03:28:43.json",
    "KVS": {
        "1.a.avg_train_loss": [
            0.7347346226374308,
            0.7136423389116923
        ],
        "1.a.average_valid_loss": [
            0.7233753725886345,
            0.7026068940758705
        ],
        "2.a.avg_train_loss": [
            0.6968503514925639,
            0.691902760664622
        ],
        "2.a.average_valid_loss": [
            0.6860256493091583,
            0.6826019212603569
        ],
        "3.a.avg_train_loss": [
            0.6761223117510478,
            0.6920875509579977
        ],
        "3.a.average_valid_loss": [
            0.6792328283190727,
            0.6804577633738518
        ],
        "4.a.avg_train_loss": [
            0.6709977706273397,
            0.6907555222511291
        ],
        "4.a.average_valid_loss": [
            0.6787022352218628,
            0.6816544756293297
        ],
        "5.a.avg_train_loss": [
            0.6712284406026204,
            0.6884165088335673
        ],
        "5.a.average_valid_loss": [
            0.6781017407774925,
            0.6802191808819771
        ],
        "6.a.avg_train_loss": [
            0.6687257965405782,
            0.6879216949145
        ],
        "6.a.average_valid_loss": [
            0.6769464015960693,
            0.6802292168140411
        ],
        "7.a.avg_train_loss": [
            0.6688129981358846,
            0.6872210701306661
        ],
        "7.a.average_valid_loss": [
            0.6754930019378662,
            0.6777438372373581
        ],
        "8.a.avg_train_loss": [
            0.6651104291280111,
            0.6896114706993103
        ],
        "8.a.average_valid_loss": [
            0.6743442565202713,
            0.6770243048667908
        ],
        "9.a.avg_train_loss": [
            0.664833927154541,
            0.6849530418713887
        ],
        "9.a.average_valid_loss": [
            0.6726311221718788,
            0.680813767015934
        ],
        "10.a.avg_train_loss": [
            0.6655510266621908,
            0.6861023068428039
        ],
        "10.a.average_valid_loss": [
            0.6717209592461586,
            0.6752556562423706
        ],
        "11.a.avg_train_loss": [
            0.6606024185816447,
            0.6870416601498922
        ],
        "11.a.average_valid_loss": [
            0.6752092242240906,
            0.6741018891334534
        ],
        "12.a.avg_train_loss": [
            0.6606992284456888,
            0.6857293248176575
        ],
        "12.a.average_valid_loss": [
            0.6787392348051071,
            0.6736036166548729
        ],
        "13.a.avg_train_loss": [
            0.6611768126487731,
            0.6873371561368307
        ],
        "13.a.average_valid_loss": [
            0.6851878687739372,
            0.6731015667319298
        ],
        "14.a.avg_train_loss": [
            0.6584153374036154,
            0.685433049996694
        ],
        "14.a.average_valid_loss": [
            0.7047982811927795,
            0.6717099696397781
        ],
        "15.a.avg_train_loss": [
            0.6640115777651469,
            0.676669426759084,
            0.6718895514806111
        ],
        "15.a.average_valid_loss": [
            0.7146131098270416,
            0.6698497980833054,
            0.679294764995575
        ],
        "16.a.avg_train_loss": [
            0.669825545946757,
            0.6811371008555095
        ],
        "16.a.average_valid_loss": [
            0.6675291210412979,
            0.6714644357562065
        ],
        "17.a.avg_train_loss": [
            0.6657477418581644,
            0.6859420975049336
        ],
        "17.a.average_valid_loss": [
            0.667812742292881,
            0.669464960694313
        ],
        "18.a.avg_train_loss": [
            0.658840278784434,
            0.6848498940467834
        ],
        "18.a.average_valid_loss": [
            0.6695017367601395,
            0.6676129773259163
        ],
        "19.a.avg_train_loss": [
            0.6560202280680338,
            0.6856162309646606
        ],
        "19.a.average_valid_loss": [
            0.6659046709537506,
            0.671473816037178
        ],
        "20.a.avg_train_loss": [
            0.6574424425760905,
            0.6874396959940593
        ],
        "20.a.average_valid_loss": [
            0.6744846031069756,
            0.668969415128231
        ],
        "21.a.avg_train_loss": [
            0.6574856917063395,
            0.6837510188420614
        ],
        "21.a.average_valid_loss": [
            0.6704582422971725,
            0.6713465750217438
        ],
        "22.a.avg_train_loss": [
            0.6531759142875672,
            0.6832304080327352
        ],
        "22.a.average_valid_loss": [
            0.6700240820646286,
            0.6662871316075325
        ],
        "23.a.avg_train_loss": [
            0.6500125447909038,
            0.6838781714439393
        ],
        "23.a.average_valid_loss": [
            0.6631113514304161,
            0.6629669368267059
        ],
        "24.a.avg_train_loss": [
            0.6550455848375957,
            0.680746606985728
        ],
        "24.a.average_valid_loss": [
            0.6690809354186058,
            0.6705825626850128
        ],
        "25.a.avg_train_loss": [
            0.6562862714131673,
            0.6783352851867676
        ],
        "25.a.average_valid_loss": [
            0.6697957962751389,
            0.6649665832519531
        ],
        "26.a.avg_train_loss": [
            0.6584380030632019,
            0.6776904940605164
        ],
        "26.a.average_valid_loss": [
            0.6633134186267853,
            0.6644468680024147
        ],
        "27.a.avg_train_loss": [
            0.6553345123926798,
            0.6782005548477172
        ],
        "27.a.average_valid_loss": [
            0.6629995927214622,
            0.6608835905790329
        ],
        "28.a.avg_train_loss": [
            0.6575323184331258,
            0.674244209130605
        ],
        "28.a.average_valid_loss": [
            0.6624746769666672,
            0.6600401401519775
        ],
        "29.a.avg_train_loss": [
            0.6538636406262716,
            0.6788360317548116
        ],
        "29.a.average_valid_loss": [
            0.7207924574613571,
            0.6586983129382133
        ],
        "30.a.avg_train_loss": [
            0.643763526280721,
            0.6712907671928405,
            0.6622034470240276
        ],
        "30.a.average_valid_loss": [
            0.8079996332526207,
            0.6574911400675774,
            0.7251483798027039
        ],
        "31.a.avg_train_loss": [
            0.6536159972349803,
            0.6675395727157593
        ],
        "31.a.average_valid_loss": [
            0.6516927778720856,
            0.6493158116936684
        ],
        "32.a.avg_train_loss": [
            0.6494087934494018,
            0.6666333715120951
        ],
        "32.a.average_valid_loss": [
            0.6485259905457497,
            0.6402001306414604
        ],
        "33.a.avg_train_loss": [
            0.6367050488789876,
            0.6724470853805542
        ],
        "33.a.average_valid_loss": [
            0.6531976982951164,
            0.6381071209907532
        ],
        "34.a.avg_train_loss": [
            0.6328552643458049,
            0.6697441140810648
        ],
        "34.a.average_valid_loss": [
            0.6320615857839584,
            0.6404707655310631
        ],
        "35.a.avg_train_loss": [
            0.6299018104871114,
            0.6607300758361816
        ],
        "35.a.average_valid_loss": [
            0.632328450679779,
            0.629044733941555
        ],
        "36.a.avg_train_loss": [
            0.6218365550041198,
            0.654102873802185
        ],