{
    "NAME": "kaggle-nlp-disasters-rnn",
    "MEMO": "/home/ec2-user/.flor/kaggle-nlp-disasters-rnn/2022-02-10T03:23:19.json",
    "KVS": {
        "1.a.avg_train_loss": [
            0.6882374326388041,
            0.6929056922594706
        ],
        "1.a.average_valid_loss": [
            0.6837437450885773,
            0.6805041208863258
        ],
        "2.a.avg_train_loss": [
            0.678873352209727,
            0.6896814664204916
        ],
        "2.a.average_valid_loss": [
            0.677444577217102,
            0.6769953668117523
        ],
        "3.a.avg_train_loss": [
            0.6691660165786744,
            0.6890837550163269
        ],
        "3.a.average_valid_loss": [
            0.6748667657375336,
            0.6763390526175499
        ],
        "4.a.avg_train_loss": [
            0.6684997717539469,
            0.6868743260701498
        ],
        "4.a.average_valid_loss": [
            0.6752010509371758,
            0.6758534610271454
        ],
        "5.a.avg_train_loss": [
            0.6672120849291484,
            0.6891868551572163
        ],
        "5.a.average_valid_loss": [
            0.6760182529687881,
            0.6760877296328545
        ],
        "6.a.avg_train_loss": [
            0.6684782981872559,
            0.6875319282213846
        ],
        "6.a.average_valid_loss": [
            0.676817499101162,
            0.677353098988533
        ],
        "7.a.avg_train_loss": [
            0.6640018860499064,
            0.6882153828938802
        ],
        "7.a.average_valid_loss": [
            0.6733122617006302,
            0.6759042367339134
        ],
        "8.a.avg_train_loss": [
            0.6614614089330038,
            0.6895886182785034
        ],
        "8.a.average_valid_loss": [
            0.6715759336948395,
            0.6744283512234688
        ],
        "9.a.avg_train_loss": [
            0.6624970873196919,
            0.6892510374387105
        ],
        "9.a.average_valid_loss": [
            0.67413230240345,
            0.6818760111927986
        ],
        "10.a.avg_train_loss": [
            0.6644505063692728,
            0.6875316540400187
        ],
        "10.a.average_valid_loss": [
            0.6733731105923653,
            0.6764613837003708
        ],
        "11.a.avg_train_loss": [
            0.6591809193293253,
            0.6858632683753967
        ],
        "11.a.average_valid_loss": [
            0.6709655076265335,
            0.6726807579398155
        ],
        "12.a.avg_train_loss": [
            0.6603942553202311,
            0.6855052630106608
        ],
        "12.a.average_valid_loss": [
            0.6714809536933899,
            0.6744231060147285
        ],
        "13.a.avg_train_loss": [
            0.6639341195424397,
            0.6849446614583333
        ],
        "13.a.average_valid_loss": [
            0.6788595914840698,
            0.6722171753644943
        ],
        "14.a.avg_train_loss": [
            0.6558207432428996,
            0.6819814761479696
        ],
        "14.a.average_valid_loss": [
            0.7173386514186859,
            0.6673732697963715
        ],
        "15.a.avg_train_loss": [
            0.6594692945480347,
            0.6770872314771016,
            0.6747092127799987
        ],
        "15.a.average_valid_loss": [
            0.7557136714458466,
            0.6647899597883224,
            0.6907764971256256
        ],
        "16.a.avg_train_loss": [
            0.6629657944043478,
            0.6809351205825805
        ],
        "16.a.average_valid_loss": [
            0.6658543273806572,
            0.6721212714910507
        ],
        "17.a.avg_train_loss": [
            0.6595516006151835,
            0.6812238375345866
        ],
        "17.a.average_valid_loss": [
            0.660452589392662,
            0.6640955358743668
        ],
        "18.a.avg_train_loss": [
            0.6567367513974508,
            0.6818215171496074
        ],
        "18.a.average_valid_loss": [
            0.6656221598386765,
            0.6582890674471855
        ],
        "19.a.avg_train_loss": [
            0.6472412705421448,
            0.6794604420661926
        ],
        "19.a.average_valid_loss": [
            0.6638553887605667,
            0.6586250066757202
        ],
        "20.a.avg_train_loss": [
            0.6495613058408102,
            0.6808636307716369
        ],
        "20.a.average_valid_loss": [
            0.6503434851765633,
            0.6517166495323181
        ],
        "21.a.avg_train_loss": [
            0.6485427618026733,
            0.6750632961591084
        ],
        "21.a.average_valid_loss": [
            0.653839647769928,
            0.6706748455762863
        ],
        "22.a.avg_train_loss": [
            0.6421347896258036,
            0.6761191129684448
        ],
        "22.a.average_valid_loss": [
            0.6702390164136887,
            0.6808200776576996
        ],
        "23.a.avg_train_loss": [
            0.6287711342175801,
            0.6668537179629008
        ],
        "23.a.average_valid_loss": [
            0.633722148835659,
            0.6867464706301689
        ],
        "24.a.avg_train_loss": [
            0.6409224152565003,
            0.6541826208432515
        ],
        "24.a.average_valid_loss": [
            0.6329859048128128,
            0.6431562304496765
        ],
        "25.a.avg_train_loss": [
            0.6398231367270152,
            0.6542589783668518
        ],
        "25.a.average_valid_loss": [
            0.65090711414814,
            0.6462441459298134
        ],
        "26.a.avg_train_loss": [
            0.6361193736394246,
            0.654622491200765
        ],
        "26.a.average_valid_loss": [
            0.6200874224305153,
            0.6195705831050873
        ],
        "27.a.avg_train_loss": [
            0.6255637168884277,
            0.6407916784286499
        ],
        "27.a.average_valid_loss": [
            0.6164556294679642,
            0.6494730487465858
        ],
        "28.a.avg_train_loss": [
            0.6417508204778035,
            0.6340956250826518
        ],
        "28.a.average_valid_loss": [
            0.6223181262612343,
            0.6080495193600655
        ],
        "29.a.avg_train_loss": [
            0.6170206109682719,
            0.6257441123326619
        ],
        "29.a.average_valid_loss": [
            0.6150548979640007,
            0.6513676568865776
        ],
        "30.a.avg_train_loss": [
            0.6209673245747884,
            0.6178962628046671,
            0.6017173608144124
        ],
        "30.a.average_valid_loss": [
            0.7528911605477333,
            0.6332970708608627,
            0.5911727398633957
        ],
        "31.a.avg_train_loss": [
            0.591979440053304,
            0.6121006011962891
        ],
        "31.a.average_valid_loss": [
            0.5742162838578224,
            0.5850842520594597
        ],
        "32.a.avg_train_loss": [
            0.579672634601593,
            0.6362240831057231
        ],
        "32.a.average_valid_loss": [
            0.6171915307641029,
            0.5741781070828438
        ],
        "33.a.avg_train_loss": [
            0.5685039758682251,
            0.6211207469304403
        ],
        "33.a.average_valid_loss": [
            0.5850961208343506,
            0.5696373209357262
        ],
        "34.a.avg_train_loss": [
            0.5752457439899444,
            0.603524629275004
        ],
        "34.a.average_valid_loss": [
            0.5537814795970917,
            0.554800882935524
        ],
        "35.a.avg_train_loss": [
            0.5607285439968109,
            0.5967737793922424
        ],
        "35.a.average_valid_loss": [
            0.6091885715723038,
            0.5440317541360855
        ],
        "36.a.avg_train_loss": [
            0.5638624171415965,
            0.597238035996755
        ],