{
    "NAME": "kaggle-nlp-disasters-rnn",
    "MEMO": "/home/codespace/.flor/kaggle-nlp-disasters-rnn/2022-02-02T00:17:51.json",
    "KVS": {
        "1.a.avg_train_loss": [
            0.7220564564069112,
            0.7099640687306722
        ],
        "1.a.average_valid_loss": [
            0.6923331543803215,
            0.6898951232433319
        ],
        "2.a.avg_train_loss": [
            0.7068293889363607,
            0.7115168531735738
        ],
        "2.a.average_valid_loss": [
            0.6872093081474304,
            0.6864950209856033
        ],
        "3.a.avg_train_loss": [
            0.6955987254778544,
            0.7028688947359721
        ],
        "3.a.average_valid_loss": [
            0.6849926710128784,
            0.6842147782444954
        ],
        "4.a.avg_train_loss": [
            0.6911081035931905,
            0.6941136837005615
        ],
        "4.a.average_valid_loss": [
            0.6828141286969185,
            0.6821008026599884
        ],
        "5.a.avg_train_loss": [
            0.688502061367035,
            0.6942949811617534
        ],
        "5.a.average_valid_loss": [
            0.6808800250291824,
            0.6804748028516769
        ],
        "6.a.avg_train_loss": [
            0.68312615553538,
            0.6904358824094137
        ],
        "6.a.average_valid_loss": [
            0.6797300204634666,
            0.6793285235762596
        ],
        "7.a.avg_train_loss": [
            0.6787856618563334,
            0.6895108898480733
        ],
        "7.a.average_valid_loss": [
            0.6783646643161774,
            0.6779447644948959
        ],
        "8.a.avg_train_loss": [
            0.6773220578829448,
            0.6890461405118307
        ],
        "8.a.average_valid_loss": [
            0.6770866811275482,
            0.6764419078826904
        ],
        "9.a.avg_train_loss": [
            0.6783053835233053,
            0.6913935979207356
        ],
        "9.a.average_valid_loss": [
            0.6758339107036591,
            0.6755776926875114
        ],
        "10.a.avg_train_loss": [
            0.6770514726638794,
            0.6882155140240988
        ],
        "10.a.average_valid_loss": [
            0.6754886731505394,
            0.6751721501350403
        ],
        "11.a.avg_train_loss": [
            0.676748764514923,
            0.6850510040918986
        ],
        "11.a.average_valid_loss": [
            0.6749018579721451,
            0.6741234436631203
        ],
        "12.a.avg_train_loss": [
            0.6723266005516052,
            0.6869986176490783
        ],
        "12.a.average_valid_loss": [
            0.6731802895665169,
            0.6723063960671425
        ],
        "13.a.avg_train_loss": [
            0.6725412329037984,
            0.6820807019869487
        ],
        "13.a.average_valid_loss": [
            0.6717978566884995,
            0.6705067753791809
        ],
        "14.a.avg_train_loss": [
            0.6719041109085083,
            0.6787065505981446
        ],
        "14.a.average_valid_loss": [
            0.6693408116698265,
            0.6677870154380798
        ],
        "15.a.avg_train_loss": [
            0.672694464524587,
            0.6699708898862203,
            0.6749289830525717
        ],
        "15.a.average_valid_loss": [
            0.6670972853899002,
            0.6646971106529236,
            0.6629815623164177
        ],
        "16.a.avg_train_loss": [
            0.6681142330169678,
            0.6793367664019266
        ],
        "16.a.average_valid_loss": [
            0.6606422364711761,
            0.6619190126657486
        ],
        "17.a.avg_train_loss": [
            0.6620325207710266,
            0.6779553016026815
        ],
        "17.a.average_valid_loss": [
            0.6586057394742966,
            0.6555154621601105
        ],
        "18.a.avg_train_loss": [
            0.6605930288632711,
            0.6738292535146078
        ],
        "18.a.average_valid_loss": [
            0.6543714106082916,
            0.6523523032665253
        ],
        "19.a.avg_train_loss": [
            0.6588290969530741,
            0.6764636635780334
        ],
        "19.a.average_valid_loss": [
            0.6508674174547195,
            0.6507572159171104
        ],
        "20.a.avg_train_loss": [
            0.6521799405415852,
            0.6670116106669108
        ],
        "20.a.average_valid_loss": [
            0.6499719023704529,
            0.6464814618229866
        ],
        "21.a.avg_train_loss": [
            0.6559812068939209,
            0.6672779003779093
        ],
        "21.a.average_valid_loss": [
            0.6439152657985687,
            0.6427346393465996
        ],
        "22.a.avg_train_loss": [
            0.6452809373537699,
            0.664641273021698
        ],
        "22.a.average_valid_loss": [
            0.6392367705702782,
            0.6355578005313873
        ],
        "23.a.avg_train_loss": [
            0.6458438038825989,
            0.6628806392351786
        ],
        "23.a.average_valid_loss": [
            0.6353418231010437,
            0.6345990672707558
        ],
        "24.a.avg_train_loss": [
            0.6423053582509358,
            0.6461039861043294
        ],
        "24.a.average_valid_loss": [
            0.6312808319926262,
            0.626886211335659
        ],
        "25.a.avg_train_loss": [
            0.630725101629893,
            0.643523899714152
        ],
        "25.a.average_valid_loss": [
            0.6229702457785606,
            0.6210696026682854
        ],
        "26.a.avg_train_loss": [
            0.6403732140858968,
            0.6452634175618489
        ],
        "26.a.average_valid_loss": [
            0.621935524046421,
            0.6181432977318764
        ],
        "27.a.avg_train_loss": [
            0.6324488838513692,
            0.6302834073702495
        ],
        "27.a.average_valid_loss": [
            0.6132192239165306,
            0.6077632680535316
        ],
        "28.a.avg_train_loss": [
            0.6327495733896892,
            0.6246017257372538
        ],
        "28.a.average_valid_loss": [
            0.6075467243790627,
            0.6024396121501923
        ],
        "29.a.avg_train_loss": [
            0.6232988913853963,
            0.6194342215855916
        ],
        "29.a.average_valid_loss": [
            0.5995887964963913,
            0.594170831143856
        ],
        "30.a.avg_train_loss": [
            0.6126352389653523,
            0.6126570065816244,
            0.6159036954243978
        ],
        "30.a.average_valid_loss": [
            0.5917741507291794,
            0.5863735005259514,
            0.5844693034887314
        ],
        "31.a.avg_train_loss": [
            0.6094793240229289,
            0.6189085880915324
        ],
        "31.a.average_valid_loss": [
            0.5797454416751862,
            0.5776089131832123
        ],
        "32.a.avg_train_loss": [
            0.5934388240178426,
            0.6212226907412212
        ],
        "32.a.average_valid_loss": [
            0.5722208097577095,
            0.5722897797822952
        ],
        "33.a.avg_train_loss": [
            0.5917746464411417,
            0.6176178654034933
        ],
        "33.a.average_valid_loss": [
            0.5682409703731537,
            0.5687463954091072
        ],
        "34.a.avg_train_loss": [
            0.5946090857187907,
            0.6082099119822184
        ],
        "34.a.average_valid_loss": [
            0.5693137347698212,
            0.5630034506320953
        ],
        "35.a.avg_train_loss": [
            0.5840166966120403,
            0.5857159097989401
        ],
        "35.a.average_valid_loss": [
            0.5586661696434021,
            0.5562847480177879
        ],
        "36.a.avg_train_loss": [
            0.5793023347854614,
            0.5900697350502014
        ],