{
    "NAME": "kaggle-nlp-disasters-rnn",
    "MEMO": "/home/ubuntu/.flor/kaggle-nlp-disasters-rnn/2022-02-02T01:09:02.json",
    "KVS": {
        "1.a.avg_train_loss": [
            0.6906664888064067,
            0.6860433379809062
        ],
        "1.a.average_valid_loss": [
            0.6764659881591797,
            0.6719440743327141
        ],
        "2.a.avg_train_loss": [
            0.673491636912028,
            0.6843204816182454
        ],
        "2.a.average_valid_loss": [
            0.6624123975634575,
            0.6626798287034035
        ],
        "3.a.avg_train_loss": [
            0.6638601144154866,
            0.6812413295110067
        ],
        "3.a.average_valid_loss": [
            0.6546580567955971,
            0.6593258827924728
        ],
        "4.a.avg_train_loss": [
            0.6551153341929118,
            0.6760753035545349
        ],
        "4.a.average_valid_loss": [
            0.6512372642755508,
            0.655223049223423
        ],
        "5.a.avg_train_loss": [
            0.6582762122154235,
            0.6789216041564942
        ],
        "5.a.average_valid_loss": [
            0.6459364518523216,
            0.650172583758831
        ],
        "6.a.avg_train_loss": [
            0.6570560812950135,
            0.6755573630332947
        ],
        "6.a.average_valid_loss": [
            0.6422674283385277,
            0.6433085203170776
        ],
        "7.a.avg_train_loss": [
            0.6511131246884664,
            0.675528883934021
        ],
        "7.a.average_valid_loss": [
            0.6345608085393906,
            0.6330883204936981
        ],
        "8.a.avg_train_loss": [
            0.6508724371592204,
            0.6772360324859619
        ],
        "8.a.average_valid_loss": [
            0.6272103562951088,
            0.6258188262581825
        ],
        "9.a.avg_train_loss": [
            0.650222631295522,
            0.6698955178260804
        ],
        "9.a.average_valid_loss": [
            0.621752642095089,
            0.619731567800045
        ],
        "10.a.avg_train_loss": [
            0.649679438273112,
            0.6598541418711344
        ],
        "10.a.average_valid_loss": [
            0.6173293590545654,
            0.6200103238224983
        ],
        "11.a.avg_train_loss": [
            0.6458961208661397,
            0.6597745577494304
        ],
        "11.a.average_valid_loss": [
            0.6206594854593277,
            0.6234870404005051
        ],
        "12.a.avg_train_loss": [
            0.6432603200276693,
            0.6560682972272237
        ],
        "12.a.average_valid_loss": [
            0.6256670281291008,
            0.6463790014386177
        ],
        "13.a.avg_train_loss": [
            0.6473309516906738,
            0.6535711963971456
        ],
        "13.a.average_valid_loss": [
            0.637602686882019,
            0.7172088176012039
        ],
        "14.a.avg_train_loss": [
            0.6401741107304891,
            0.648820161819458
        ],
        "14.a.average_valid_loss": [
            0.6845923662185669,
            0.75497205555439
        ],
        "15.a.avg_train_loss": [
            0.6428717414538065,
            0.6461247364679973,
            0.642448635896047
        ],
        "15.a.average_valid_loss": [
            0.6677621081471443,
            0.7270587161183357,
            0.6890611797571182
        ],
        "16.a.avg_train_loss": [
            0.6332012255986531,
            0.6465614517529805
        ],
        "16.a.average_valid_loss": [
            0.7521936073899269,
            0.7131008207798004
        ],
        "17.a.avg_train_loss": [
            0.6242966731389363,
            0.6514461596806844
        ],
        "17.a.average_valid_loss": [
            0.7736297473311424,
            0.7283514961600304
        ],
        "18.a.avg_train_loss": [
            0.6237971703211467,
            0.6383470257123312
        ],
        "18.a.average_valid_loss": [
            0.7895298078656197,
            0.729984387755394
        ],
        "19.a.avg_train_loss": [
            0.6221073826154073,
            0.6325674891471863
        ],
        "19.a.average_valid_loss": [
            0.7928715720772743,
            0.6767704412341118
        ],
        "20.a.avg_train_loss": [
            0.6226477702458699,
            0.6178552786509196
        ],
        "20.a.average_valid_loss": [
            0.7563901394605637,
            0.6867687255144119
        ],
        "21.a.avg_train_loss": [
            0.6156886617342631,
            0.6287731488545736
        ],
        "21.a.average_valid_loss": [
            0.7439781948924065,
            0.6543488577008247
        ],
        "22.a.avg_train_loss": [
            0.6140681664148967,
            0.6320559938748678
        ],
        "22.a.average_valid_loss": [
            0.7086256444454193,
            0.6401904821395874
        ],
        "23.a.avg_train_loss": [
            0.607455575466156,
            0.6199319918950399
        ],
        "23.a.average_valid_loss": [
            0.6649692803621292,
            0.6256711483001709
        ],
        "24.a.avg_train_loss": [
            0.6070939302444458,
            0.6076413075129191
        ],
        "24.a.average_valid_loss": [
            0.6756872087717056,
            0.6350231468677521
        ],
        "25.a.avg_train_loss": [
            0.6036706725756328,
            0.6107331434885661
        ],
        "25.a.average_valid_loss": [
            0.6748282015323639,
            0.6488197222352028
        ],
        "26.a.avg_train_loss": [
            0.5987257480621337,
            0.6005026459693908
        ],
        "26.a.average_valid_loss": [
            0.6710726842284203,
            0.6258419081568718
        ],
        "27.a.avg_train_loss": [
            0.6028717954953512,
            0.6073405424753825
        ],
        "27.a.average_valid_loss": [
            0.6379556953907013,
            0.6438974663615227
        ],
        "28.a.avg_train_loss": [
            0.5980163653691609,
            0.59596821864446
        ],
        "28.a.average_valid_loss": [
            0.6497543081641197,
            0.6503826677799225
        ],
        "29.a.avg_train_loss": [
            0.5946382284164429,
            0.6017128427823385
        ],
        "29.a.average_valid_loss": [
            0.6352320462465286,
            0.6241379529237747
        ],
        "30.a.avg_train_loss": [
            0.5822078347206116,
            0.5952937444051106,
            0.5895506779352824
        ],
        "30.a.average_valid_loss": [
            0.6157101318240166,
            0.6346811279654503,
            0.6103114187717438
        ],
        "31.a.avg_train_loss": [
            0.5864873806635539,
            0.5937211712201437
        ],
        "31.a.average_valid_loss": [
            0.6235376298427582,
            0.6014854162931442
        ],
        "32.a.avg_train_loss": [
            0.5734833677609762,
            0.6003033598264058
        ],
        "32.a.average_valid_loss": [
            0.6229116097092628,
            0.6009964719414711
        ],
        "33.a.avg_train_loss": [
            0.5784956892331441,
            0.5871167262395223
        ],
        "33.a.average_valid_loss": [
            0.6134235113859177,
            0.6151936277747154
        ],
        "34.a.avg_train_loss": [
            0.5721924424171447,
            0.5826789935429891
        ],
        "34.a.average_valid_loss": [
            0.6309565752744675,
            0.5982991047203541
        ],
        "35.a.avg_train_loss": [
            0.5735170185565949,
            0.5863939523696899
        ],
        "35.a.average_valid_loss": [
            0.5977238118648529,
            0.5955995917320251
        ],
        "36.a.avg_train_loss": [
            0.5686227997144063,
            0.5928313851356506
        ],