{
    "NAME": "kaggle-nlp-disasters-rnn",
    "MEMO": "/home/codespace/.flor/kaggle-nlp-disasters-rnn/2022-02-02T00:32:11.json",
    "KVS": {
        "1.a.avg_train_loss": [
            0.6907814184824626,
            0.6895394603411357
        ],
        "1.a.average_valid_loss": [
            0.6806350275874138,
            0.6768949925899506
        ],
        "2.a.avg_train_loss": [
            0.677941373984019,
            0.6905151963233948
        ],
        "2.a.average_valid_loss": [
            0.6703374609351158,
            0.6683365926146507
        ],
        "3.a.avg_train_loss": [
            0.6715744535128275,
            0.6880143125851949
        ],
        "3.a.average_valid_loss": [
            0.6629606485366821,
            0.6648129001259804
        ],
        "4.a.avg_train_loss": [
            0.6686488509178161,
            0.684696618715922
        ],
        "4.a.average_valid_loss": [
            0.6599191352725029,
            0.6633736863732338
        ],
        "5.a.avg_train_loss": [
            0.6668959299723307,
            0.6840240796407063
        ],
        "5.a.average_valid_loss": [
            0.6584129706025124,
            0.6623090952634811
        ],
        "6.a.avg_train_loss": [
            0.6678454637527466,
            0.6842103521029155
        ],
        "6.a.average_valid_loss": [
            0.6594886556267738,
            0.6649643704295158
        ],
        "7.a.avg_train_loss": [
            0.6635336677233378,
            0.6870364983876546
        ],
        "7.a.average_valid_loss": [
            0.6608801484107971,
            0.6633020788431168
        ],
        "8.a.avg_train_loss": [
            0.6617879072825114,
            0.6852440953254699
        ],
        "8.a.average_valid_loss": [
            0.6575092002749443,
            0.6583120673894882
        ],
        "9.a.avg_train_loss": [
            0.6655687650044759,
            0.6829164346059163
        ],
        "9.a.average_valid_loss": [
            0.6530043631792068,
            0.653136819601059
        ],
        "10.a.avg_train_loss": [
            0.6647054076194763,
            0.6807924151420593
        ],
        "10.a.average_valid_loss": [
            0.6506798192858696,
            0.6498633027076721
        ],
        "11.a.avg_train_loss": [
            0.6611663460731506,
            0.6793903152147929
        ],
        "11.a.average_valid_loss": [
            0.6467399671673775,
            0.6452554315328598
        ],
        "12.a.avg_train_loss": [
            0.6626109679539999,
            0.6798385739326477
        ],
        "12.a.average_valid_loss": [
            0.6446185111999512,
            0.642184317111969
        ],
        "13.a.avg_train_loss": [
            0.6644203980763753,
            0.6755065997441609
        ],
        "13.a.average_valid_loss": [
            0.64408228546381,
            0.6416871622204781
        ],
        "14.a.avg_train_loss": [
            0.6611344297726949,
            0.6746679743131002
        ],
        "14.a.average_valid_loss": [
            0.6430225819349289,
            0.6377732157707214
        ],
        "15.a.avg_train_loss": [
            0.6650267322858174,
            0.6693345069885254,
            0.6765494465827941
        ],
        "15.a.average_valid_loss": [
            0.6392828524112701,
            0.633360244333744,
            0.6358760222792625
        ],
        "16.a.avg_train_loss": [
            0.6593356053034465,
            0.6789706468582153
        ],
        "16.a.average_valid_loss": [
            0.6308684721589088,
            0.6348250284790993
        ],
        "17.a.avg_train_loss": [
            0.6581246654192606,
            0.6832072297732036
        ],
        "17.a.average_valid_loss": [
            0.63069898635149,
            0.6363894417881966
        ],
        "18.a.avg_train_loss": [
            0.6521462996800741,
            0.6780822316805521
        ],
        "18.a.average_valid_loss": [
            0.6304672211408615,
            0.6318485513329506
        ],
        "19.a.avg_train_loss": [
            0.65872217019399,
            0.6831059694290161
        ],
        "19.a.average_valid_loss": [
            0.6275317445397377,
            0.6290044337511063
        ],
        "20.a.avg_train_loss": [
            0.6538198908170064,
            0.6812451601028442
        ],
        "20.a.average_valid_loss": [
            0.624303050339222,
            0.6242050677537918
        ]
    }
}