{
    "NAME": "kaggle-nlp-disasters-rnn",
    "MEMO": "/home/ec2-user/.flor/kaggle-nlp-disasters-rnn/2022-02-07T20:42:25.json",
    "KVS": {
        "1.a.avg_train_loss": [
            0.6954699079195659,
            0.6972540299097697
        ],
        "1.a.average_valid_loss": [
            0.684605784714222,
            0.6837462559342384
        ],
        "2.a.avg_train_loss": [
            0.6850909074147542,
            0.6935696045557658
        ],
        "2.a.average_valid_loss": [
            0.6809345409274101,
            0.6808456555008888
        ],
        "3.a.avg_train_loss": [
            0.6777785380681356,
            0.6914934158325196
        ],
        "3.a.average_valid_loss": [
            0.6784373894333839,
            0.6781154945492744
        ],
        "4.a.avg_train_loss": [
            0.6745209495226542,
            0.6886693398157756
        ],
        "4.a.average_valid_loss": [
            0.676288940012455,
            0.6763266697525978
        ],
        "5.a.avg_train_loss": [
            0.6778405706087748,
            0.6895989378293356
        ],
        "5.a.average_valid_loss": [
            0.6747058182954788,
            0.6751267462968826
        ],
        "6.a.avg_train_loss": [
            0.6709285855293274,
            0.6863997499148051
        ],
        "6.a.average_valid_loss": [
            0.6730695143342018,
            0.6722717732191086
        ],
        "7.a.avg_train_loss": [
            0.6640467325846354,
            0.6821742057800293
        ],
        "7.a.average_valid_loss": [
            0.669689305126667,
            0.6691305264830589
        ],
        "8.a.avg_train_loss": [
            0.6660615046819051,
            0.6797544240951539
        ],
        "8.a.average_valid_loss": [
            0.667081356048584,
            0.6646532937884331
        ],
        "9.a.avg_train_loss": [
            0.6600147088368734,
            0.6767131964365641
        ],
        "9.a.average_valid_loss": [
            0.6619491726160049,
            0.6617067158222198
        ],
        "10.a.avg_train_loss": [
            0.6665894627571106,
            0.6740309397379557
        ],
        "10.a.average_valid_loss": [
            0.6581802815198898,
            0.6564321368932724
        ],
        "11.a.avg_train_loss": [
            0.65538010597229,
            0.6678773403167725
        ],
        "11.a.average_valid_loss": [
            0.651842325925827,
            0.6513004899024963
        ],
        "12.a.avg_train_loss": [
            0.6568213820457458,
            0.6588504393895467
        ],
        "12.a.average_valid_loss": [
            0.6468809396028519,
            0.6450481787323952
        ],
        "13.a.avg_train_loss": [
            0.648681394259135,
            0.6636744697888692
        ],
        "13.a.average_valid_loss": [
            0.6379359140992165,
            0.6407840922474861
        ],
        "14.a.avg_train_loss": [
            0.6461791157722473,
            0.6478409369786581
        ],
        "14.a.average_valid_loss": [
            0.639199435710907,
            0.6274361163377762
        ],
        "15.a.avg_train_loss": [
            0.6414599458376566,
            0.6304267485936482,
            0.6408065835634867
        ],
        "15.a.average_valid_loss": [
            0.6275564581155777,
            0.6179330721497536,
            0.6182588785886765
        ],
        "16.a.avg_train_loss": [
            0.6224365750948588,
            0.6294984936714172
        ],
        "16.a.average_valid_loss": [
            0.6087080016732216,
            0.605771854519844
        ],
        "17.a.avg_train_loss": [
            0.6012023369471232,
            0.6345555901527404
        ],
        "17.a.average_valid_loss": [
            0.6000465676188469,
            0.6017931625247002
        ],
        "18.a.avg_train_loss": [
            0.5995909611384074,
            0.6147044539451599
        ],
        "18.a.average_valid_loss": [
            0.5950170308351517,
            0.5880945771932602
        ],
        "19.a.avg_train_loss": [
            0.5960171699523926,
            0.6062877615292867
        ],
        "19.a.average_valid_loss": [
            0.5837617442011833,
            0.5803607255220413
        ],
        "20.a.avg_train_loss": [
            0.5833176414171855,
            0.584427785873413
        ],
        "20.a.average_valid_loss": [
            0.5758605301380157,
            0.5705981403589249
        ],
        "21.a.avg_train_loss": [
            0.5739545504252116,
            0.5925874869028728
        ],
        "21.a.average_valid_loss": [
            0.5734968334436417,
            0.5649693608283997
        ],
        "22.a.avg_train_loss": [
            0.561302908261617,
            0.5698578635851542
        ],
        "22.a.average_valid_loss": [
            0.564778745174408,
            0.5567105785012245
        ],
        "23.a.avg_train_loss": [
            0.5572679201761882,
            0.552322675784429
        ],
        "23.a.average_valid_loss": [
            0.553658626973629,
            0.5503945574164391
        ],
        "24.a.avg_train_loss": [
            0.5656635602315266,
            0.5593603352705637
        ],
        "24.a.average_valid_loss": [
            0.5512009561061859,
            0.5503141731023788
        ],
        "25.a.avg_train_loss": [
            0.5499812006950379,
            0.5406506617863973
        ],
        "25.a.average_valid_loss": [
            0.5425408482551575,
            0.5434410721063614
        ],
        "26.a.avg_train_loss": [
            0.5447693943977356,
            0.5299704690774282
        ],
        "26.a.average_valid_loss": [
            0.5424772277474403,
            0.5364087522029877
        ],
        "27.a.avg_train_loss": [
            0.5424616595109304,
            0.5209614137808481
        ],
        "27.a.average_valid_loss": [
            0.5341810211539268,
            0.5344383679330349
        ],
        "28.a.avg_train_loss": [
            0.5482212245464325,
            0.5143076439698537
        ],
        "28.a.average_valid_loss": [
            0.5328958705067635,
            0.5280882529914379
        ],
        "29.a.avg_train_loss": [
            0.5371281027793884,
            0.5195568144321442
        ],
        "29.a.average_valid_loss": [
            0.526070773601532,
            0.5246047861874104
        ],
        "30.a.avg_train_loss": [
            0.5365341226259868,
            0.5017559448877971,
            0.5251548250516256
        ],
        "30.a.average_valid_loss": [
            0.5238272026181221,
            0.5230589658021927,
            0.5210511460900307
        ],
        "31.a.avg_train_loss": [
            0.4916253010431925,
            0.5198004364967346
        ],
        "31.a.average_valid_loss": [
            0.5195269919931889,
            0.5174442753195763
        ],
        "32.a.avg_train_loss": [
            0.4966373682022095,
            0.5146336754163107
        ],
        "32.a.average_valid_loss": [
            0.5157556384801865,
            0.5149008296430111
        ],
        "33.a.avg_train_loss": [
            0.4925942560036977,
            0.5098332087198894
        ],
        "33.a.average_valid_loss": [
            0.5150649175047874,
            0.5128840804100037
        ],
        "34.a.avg_train_loss": [
            0.48950600425402324,
            0.500467163324356
        ],
        "34.a.average_valid_loss": [
            0.5128817819058895,
            0.5110725536942482
        ],
        "35.a.avg_train_loss": [
            0.49083393017450966,
            0.4923917273680369
        ],
        "35.a.average_valid_loss": [
            0.5106876865029335,
            0.5086899548768997
        ],
        "36.a.avg_train_loss": [
            0.493073836962382,
            0.48582378029823303
        ],