{
    "NAME": "kaggle-nlp-disasters-rnn",
    "MEMO": "/home/ubuntu/.flor/kaggle-nlp-disasters-rnn/2022-02-02T01:32:57.json",
    "KVS": {
        "1.a.avg_train_loss": [
            0.6922701120376586,
            0.6887313803037007
        ],
        "1.a.average_valid_loss": [
            0.6797573193907738,
            0.6716363430023193
        ],
        "2.a.avg_train_loss": [
            0.6765871524810791,
            0.6858646273612976
        ],
        "2.a.average_valid_loss": [
            0.6616322472691536,
            0.6579523757100105
        ],
        "3.a.avg_train_loss": [
            0.6644282341003418,
            0.678150459130605
        ],
        "3.a.average_valid_loss": [
            0.6490662544965744,
            0.6501218676567078
        ],
        "4.a.avg_train_loss": [
            0.6579129179318746,
            0.6753923614819844
        ],
        "4.a.average_valid_loss": [
            0.6408862546086311,
            0.6436070948839188
        ],
        "5.a.avg_train_loss": [
            0.6541855931282043,
            0.6706807533899943
        ],
        "5.a.average_valid_loss": [
            0.6350776329636574,
            0.6360093951225281
        ],
        "6.a.avg_train_loss": [
            0.6517177104949952,
            0.6717388192812602
        ],
        "6.a.average_valid_loss": [
            0.6266122683882713,
            0.6274278312921524
        ],
        "7.a.avg_train_loss": [
            0.6515130360921224,
            0.6706908504168193
        ],
        "7.a.average_valid_loss": [
            0.6208579614758492,
            0.6191229000687599
        ],
        "8.a.avg_train_loss": [
            0.6506024797757467,
            0.6627410610516866
        ],
        "8.a.average_valid_loss": [
            0.616605781018734,
            0.6129253134131432
        ],
        "9.a.avg_train_loss": [
            0.6440976897875468,
            0.6584194858868917
        ],
        "9.a.average_valid_loss": [
            0.6210377439856529,
            0.6190169602632523
        ],
        "10.a.avg_train_loss": [
            0.6465092579523722,
            0.6515118638674419
        ],
        "10.a.average_valid_loss": [
            0.6355892270803452,
            0.6539046764373779
        ],
        "11.a.avg_train_loss": [
            0.6403461933135987,
            0.6537048776944479
        ],
        "11.a.average_valid_loss": [
            0.6869587749242783,
            0.6906828880310059
        ],
        "12.a.avg_train_loss": [
            0.6443999886512757,
            0.647798995176951
        ],
        "12.a.average_valid_loss": [
            0.6593658775091171,
            0.6968063935637474
        ],
        "13.a.avg_train_loss": [
            0.637490709622701,
            0.6371759057044983
        ],
        "13.a.average_valid_loss": [
            0.6929126605391502,
            0.7449304386973381
        ],
        "14.a.avg_train_loss": [
            0.6324365576108296,
            0.6453287124633789
        ],
        "14.a.average_valid_loss": [
            0.7346702143549919,
            0.7293863669037819
        ],
        "15.a.avg_train_loss": [
            0.6286847432454427,
            0.6265400966008504,
            0.6328382611274719
        ],
        "15.a.average_valid_loss": [
            0.6955450847744942,
            0.7590744569897652,
            0.7063344195485115
        ],
        "16.a.avg_train_loss": [
            0.6272268295288086,
            0.6318942467371623
        ],
        "16.a.average_valid_loss": [
            0.7632153183221817,
            0.7006861940026283
        ],
        "17.a.avg_train_loss": [
            0.6106932242711385,
            0.6298890431722005
        ],
        "17.a.average_valid_loss": [
            0.7639311701059341,
            0.7246391400694847
        ],
        "18.a.avg_train_loss": [
            0.6114470362663269,
            0.6287994941075643
        ],
        "18.a.average_valid_loss": [
            0.7222458124160767,
            0.6631322354078293
        ],
        "19.a.avg_train_loss": [
            0.6132845600446065,
            0.6139289458592733
        ],
        "19.a.average_valid_loss": [
            0.6981505826115608,
            0.6680891290307045
        ],
        "20.a.avg_train_loss": [
            0.6097536166508992,
            0.6121597091356913
        ],
        "20.a.average_valid_loss": [
            0.6895069181919098,
            0.653571829199791
        ],
        "21.a.avg_train_loss": [
            0.6054362773895263,
            0.6114705681800843
        ],
        "21.a.average_valid_loss": [
            0.6913586482405663,
            0.6735961735248566
        ],
        "22.a.avg_train_loss": [
            0.5954025348027547,
            0.615436331431071
        ],
        "22.a.average_valid_loss": [
            0.7160703241825104,
            0.6593544259667397
        ],
        "23.a.avg_train_loss": [
            0.592678960164388,
            0.5980642040570577
        ],
        "23.a.average_valid_loss": [
            0.7167534455657005,
            0.68703743070364
        ],
        "24.a.avg_train_loss": [
            0.595334279537201,
            0.5993311723073323
        ],
        "24.a.average_valid_loss": [
            0.6849118173122406,
            0.6581720486283302
        ],
        "25.a.avg_train_loss": [
            0.595711600780487,
            0.5973897775014242
        ],
        "25.a.average_valid_loss": [
            0.6784877553582191,
            0.6458301171660423
        ],
        "26.a.avg_train_loss": [
            0.5970912019411723,
            0.5949418584505717
        ],
        "26.a.average_valid_loss": [
            0.6690018773078918,
            0.6610970497131348
        ],
        "27.a.avg_train_loss": [
            0.5905238429705302,
            0.5834016998608907
        ],
        "27.a.average_valid_loss": [
            0.6506845355033875,
            0.6448400169610977
        ],
        "28.a.avg_train_loss": [
            0.5924415230751038,
            0.5885434110959371
        ],
        "28.a.average_valid_loss": [
            0.6360920742154121,
            0.6316952183842659
        ],
        "29.a.avg_train_loss": [
            0.5807632048924763,
            0.5883760372797648
        ],
        "29.a.average_valid_loss": [
            0.6289256513118744,
            0.6221149191260338
        ],
        "30.a.avg_train_loss": [
            0.5790624260902405,
            0.5722096721331279,
            0.5761656562487284
        ],
        "30.a.average_valid_loss": [
            0.6209357008337975,
            0.6348680406808853,
            0.6399620845913887
        ],
        "31.a.avg_train_loss": [
            0.5718095024426778,
            0.587934688727061
        ],
        "31.a.average_valid_loss": [
            0.6349612548947334,
            0.6067572087049484
        ],
        "32.a.avg_train_loss": [
            0.5640332063039144,
            0.5878592928250631
        ],
        "32.a.average_valid_loss": [
            0.6048459708690643,
            0.5894597694277763
        ],
        "33.a.avg_train_loss": [
            0.5669038017590841,
            0.5881345868110657
        ],
        "33.a.average_valid_loss": [
            0.6035089939832687,
            0.5980324447154999
        ],
        "34.a.avg_train_loss": [
            0.5636088411013286,
            0.5769081592559815
        ],
        "34.a.average_valid_loss": [
            0.6282979846000671,
            0.6044541373848915
        ],
        "35.a.avg_train_loss": [
            0.5663681904474894,
            0.5649072130521139
        ],
        "35.a.average_valid_loss": [
            0.5970786511898041,
            0.586013350635767
        ],
        "36.a.avg_train_loss": [
            0.5667442878087362,
            0.5673691908518473
        ],