{
    "NAME": "kaggle-nlp-disasters-rnn",
    "MEMO": "/home/ubuntu/.flor/kaggle-nlp-disasters-rnn/2022-02-02T02:15:22.json",
    "KVS": {
        "1.a.avg_train_loss": [
            0.6854108293851217,
            0.6821673353513081
        ],
        "1.a.average_valid_loss": [
            0.6777635291218758,
            0.6717918366193771
        ],
        "2.a.avg_train_loss": [
            0.6617677211761475,
            0.6748157421747843
        ],
        "2.a.average_valid_loss": [
            0.6627192869782448,
            0.6600662991404533
        ],
        "3.a.avg_train_loss": [
            0.646230685710907,
            0.6679422378540039
        ],
        "3.a.average_valid_loss": [
            0.6519267484545708,
            0.6510260030627251
        ],
        "4.a.avg_train_loss": [
            0.6370322704315186,
            0.6484262943267822
        ],
        "4.a.average_valid_loss": [
            0.6403898894786835,
            0.6363862752914429
        ],
        "5.a.avg_train_loss": [
            0.6217917402585348,
            0.6236128250757853
        ],
        "5.a.average_valid_loss": [
            0.6264262944459915,
            0.6240357458591461
        ],
        "6.a.avg_train_loss": [
            0.6063764333724976,
            0.601611582438151
        ],
        "6.a.average_valid_loss": [
            0.6192552074790001,
            0.6103170961141586
        ],
        "7.a.avg_train_loss": [
            0.588536016146342,
            0.5807791948318481
        ],
        "7.a.average_valid_loss": [
            0.6126687377691269,
            0.5992847308516502
        ],
        "8.a.avg_train_loss": [
            0.5733323256174724,
            0.5656906406084696
        ],
        "8.a.average_valid_loss": [
            0.6063625290989876,
            0.5860956981778145
        ],
        "9.a.avg_train_loss": [
            0.5552038272221883,
            0.5500999728838603
        ],
        "9.a.average_valid_loss": [
            0.5859109833836555,
            0.5735356733202934
        ],
        "10.a.avg_train_loss": [
            0.5436954498291016,
            0.5377341091632843
        ],
        "10.a.average_valid_loss": [
            0.5696326866745949,
            0.5642303936183453
        ],
        "11.a.avg_train_loss": [
            0.5252427081267039,
            0.5113968054453532
        ],
        "11.a.average_valid_loss": [
            0.5599951297044754,
            0.5588759817183018
        ],
        "12.a.avg_train_loss": [
            0.5210360447565715,
            0.49388970534006754
        ],
        "12.a.average_valid_loss": [
            0.5514814183115959,
            0.5540153868496418
        ],
        "13.a.avg_train_loss": [
            0.5113979975382487,
            0.4810064216454824
        ],
        "13.a.average_valid_loss": [
            0.5446190237998962,
            0.5493224151432514
        ],
        "14.a.avg_train_loss": [
            0.4934253394603729,
            0.4744713544845581
        ],
        "14.a.average_valid_loss": [
            0.5366966165602207,
            0.5397005714476109
        ],
        "15.a.avg_train_loss": [
            0.478881444533666,
            0.45894485314687095,
            0.46343321005503335
        ],
        "15.a.average_valid_loss": [
            0.5324560813605785,
            0.5374068357050419,
            0.5332188084721565
        ],
        "16.a.avg_train_loss": [
            0.4482721487681071,
            0.4560466508070628
        ],
        "16.a.average_valid_loss": [
            0.5333251021802425,
            0.5291647799313068
        ],
        "17.a.avg_train_loss": [
            0.43899463415145873,
            0.4509554743766785
        ],
        "17.a.average_valid_loss": [
            0.5382548533380032,
            0.528280895203352
        ],
        "18.a.avg_train_loss": [
            0.42560160756111143,
            0.43677757581075033
        ],
        "18.a.average_valid_loss": [
            0.5330452807247639,
            0.5288658142089844
        ],
        "19.a.avg_train_loss": [
            0.4249487519264221,
            0.42453113993008934
        ],
        "19.a.average_valid_loss": [
            0.5356108285486698,
            0.5322483368217945
        ],
        "20.a.avg_train_loss": [
            0.42088863054911296,
            0.41211442550023397
        ],
        "20.a.average_valid_loss": [
            0.5427262037992477,
            0.5359322540462017
        ],
        "21.a.avg_train_loss": [
            0.4085020959377289,
            0.4021291057268778
        ],
        "21.a.average_valid_loss": [
            0.5558191388845444,
            0.537013553082943
        ],
        "22.a.avg_train_loss": [
            0.40711407661437987,
            0.397577045361201
        ],
        "22.a.average_valid_loss": [
            0.5413271486759186,
            0.5422617346048355
        ],
        "23.a.avg_train_loss": [
            0.40236084858576454,
            0.39710247119267783
        ],
        "23.a.average_valid_loss": [
            0.5634645782411098,
            0.5406002588570118
        ],
        "24.a.avg_train_loss": [
            0.39370052218437196,
            0.38794685403505963
        ],
        "24.a.average_valid_loss": [
            0.5275416597723961,
            0.5288476087152958
        ],
        "25.a.avg_train_loss": [
            0.3863804002602895,
            0.3813726206620534
        ],
        "25.a.average_valid_loss": [
            0.5299065597355366,
            0.5361814014613628
        ],
        "26.a.avg_train_loss": [
            0.37223588228225707,
            0.36948215564092
        ],
        "26.a.average_valid_loss": [
            0.5377943776547909,
            0.5386535115540028
        ],
        "27.a.avg_train_loss": [
            0.37236706018447874,
            0.3652498165766398
        ],
        "27.a.average_valid_loss": [
            0.5339339263737202,
            0.537992000579834
        ],
        "28.a.avg_train_loss": [
            0.3691304842631022,
            0.3569821357727051
        ],
        "28.a.average_valid_loss": [
            0.5407470874488354,
            0.5371510870754719
        ],
        "29.a.avg_train_loss": [
            0.3515674889087677,
            0.3528343419233958
        ],
        "29.a.average_valid_loss": [
            0.5461711697280407,
            0.5465235784649849
        ],
        "30.a.avg_train_loss": [
            0.3523734947045644,
            0.34770103891690574,
            0.34316198031107586
        ],
        "30.a.average_valid_loss": [
            0.5540469288825989,
            0.5444731339812279,
            0.5681733042001724
        ],
        "31.a.avg_train_loss": [
            0.3453629453976949,
            0.3361949304739634
        ],
        "31.a.average_valid_loss": [
            0.5466253124177456,
            0.5631451196968555
        ],
        "32.a.avg_train_loss": [
            0.33455753127733867,
            0.3344299634297689
        ],
        "32.a.average_valid_loss": [
            0.5514765791594982,
            0.5660549588501453
        ],
        "33.a.avg_train_loss": [
            0.32842963337898257,
            0.33175950050354003
        ],
        "33.a.average_valid_loss": [
            0.5628179162740707,
            0.5513057708740234
        ],
        "34.a.avg_train_loss": [
            0.3236493746439616,
            0.3255350778500239
        ],
        "34.a.average_valid_loss": [
            0.5693829543888569,
            0.5553532131016254
        ],
        "35.a.avg_train_loss": [
            0.33520321249961854,
            0.337318354845047
        ],
        "35.a.average_valid_loss": [
            0.5596690811216831,
            0.5704268328845501
        ],
        "36.a.avg_train_loss": [
            0.32573150992393496,
            0.308157288034757
        ],