{
    "NAME": "kaggle-nlp-disasters-rnn",
    "MEMO": "/home/ubuntu/.flor/kaggle-nlp-disasters-rnn/2022-02-02T01:20:06.json",
    "KVS": {
        "1.a.avg_train_loss": [
            0.6890900770823161,
            0.6868706941604614
        ],
        "1.a.average_valid_loss": [
            0.6767427921295166,
            0.6710778102278709
        ],
        "2.a.avg_train_loss": [
            0.672323759396871,
            0.6851559241612752
        ],
        "2.a.average_valid_loss": [
            0.6598715409636497,
            0.6588269770145416
        ],
        "3.a.avg_train_loss": [
            0.6642137169837952,
            0.6800510207811992
        ],
        "3.a.average_valid_loss": [
            0.6508691757917404,
            0.6536691561341286
        ],
        "4.a.avg_train_loss": [
            0.6612184246381124,
            0.6783063292503357
        ],
        "4.a.average_valid_loss": [
            0.6461943760514259,
            0.6495182141661644
        ],
        "5.a.avg_train_loss": [
            0.6552975177764893,
            0.6739542365074158
        ],
        "5.a.average_valid_loss": [
            0.6403431072831154,
            0.6408949345350266
        ],
        "6.a.avg_train_loss": [
            0.652610178788503,
            0.6740133206049601
        ],
        "6.a.average_valid_loss": [
            0.6332330107688904,
            0.6336763203144073
        ],
        "7.a.avg_train_loss": [
            0.6532160520553589,
            0.6731808662414551
        ],
        "7.a.average_valid_loss": [
            0.6277833208441734,
            0.6248073577880859
        ],
        "8.a.avg_train_loss": [
            0.6473327914873759,
            0.6689462780952453
        ],
        "8.a.average_valid_loss": [
            0.6209309697151184,
            0.6164175495505333
        ],
        "9.a.avg_train_loss": [
            0.6474047581354777,
            0.6573984583218893
        ],
        "9.a.average_valid_loss": [
            0.6195479854941368,
            0.6319339349865913
        ],
        "10.a.avg_train_loss": [
            0.6476922512054444,
            0.6559764464696248
        ],
        "10.a.average_valid_loss": [
            0.6578784361481667,
            0.6900808289647102
        ],
        "11.a.avg_train_loss": [
            0.647907042503357,
            0.6509501338005066
        ],
        "11.a.average_valid_loss": [
            0.7438110783696175,
            0.7662921026349068
        ],
        "12.a.avg_train_loss": [
            0.6404170672098796,
            0.6444196979204814
        ],
        "12.a.average_valid_loss": [
            0.7642602697014809,
            0.7586703225970268
        ],
        "13.a.avg_train_loss": [
            0.6389192461967468,
            0.6444171826044719
        ],
        "13.a.average_valid_loss": [
            0.7125905752182007,
            0.7574974372982979
        ],
        "14.a.avg_train_loss": [
            0.6390071948369344,
            0.6389442205429077
        ],
        "14.a.average_valid_loss": [
            0.7147883176803589,
            0.7655198127031326
        ],
        "15.a.avg_train_loss": [
            0.6353470842043559,
            0.6453470746676128,
            0.6407982707023621
        ],
        "15.a.average_valid_loss": [
            0.7103759571909904,
            0.7220079302787781,
            0.6906268820166588
        ],
        "16.a.avg_train_loss": [
            0.6261188904444377,
            0.6390055378278097
        ],
        "16.a.average_valid_loss": [
            0.7546966671943665,
            0.6876352354884148
        ],
        "17.a.avg_train_loss": [
            0.6215599536895752,
            0.6399226466814677
        ],
        "17.a.average_valid_loss": [
            0.737934060394764,
            0.7022790014743805
        ],
        "18.a.avg_train_loss": [
            0.6210460861523946,
            0.6428594509760539
        ],
        "18.a.average_valid_loss": [
            0.754004642367363,
            0.7100761383771896
        ],
        "19.a.avg_train_loss": [
            0.6177613377571106,
            0.6250258247057597
        ],
        "19.a.average_valid_loss": [
            0.7433783560991287,
            0.73462725430727
        ],
        "20.a.avg_train_loss": [
            0.6195861061414083,
            0.6242798050244649
        ],
        "20.a.average_valid_loss": [
            0.7445069178938866,
            0.7036220580339432
        ],
        "21.a.avg_train_loss": [
            0.6158910950024923,
            0.625437068939209
        ],
        "21.a.average_valid_loss": [
            0.7203542962670326,
            0.6990910768508911
        ],
        "22.a.avg_train_loss": [
            0.6120357314745585,
            0.6240859508514405
        ],
        "22.a.average_valid_loss": [
            0.7312268167734146,
            0.7064049392938614
        ],
        "23.a.avg_train_loss": [
            0.6101722836494445,
            0.6053464690844218
        ],
        "23.a.average_valid_loss": [
            0.7167060300707817,
            0.7259336411952972
        ],
        "24.a.avg_train_loss": [
            0.6012854139010112,
            0.6136197884877522
        ],
        "24.a.average_valid_loss": [
            0.7416336536407471,
            0.7296137809753418
        ],
        "25.a.avg_train_loss": [
            0.5932159662246704,
            0.6109817266464234
        ],
        "25.a.average_valid_loss": [
            0.7591967359185219,
            0.7190917059779167
        ],
        "26.a.avg_train_loss": [
            0.6072752992312114,
            0.5983860492706299
        ],
        "26.a.average_valid_loss": [
            0.7037105858325958,
            0.7058576494455338
        ],
        "27.a.avg_train_loss": [
            0.6065320372581482,
            0.5944541533788045
        ],
        "27.a.average_valid_loss": [
            0.7011420205235481,
            0.7153872549533844
        ],
        "28.a.avg_train_loss": [
            0.5878236413002014,
            0.6020126899083456
        ],
        "28.a.average_valid_loss": [
            0.732427790760994,
            0.7379095777869225
        ],
        "29.a.avg_train_loss": [
            0.5947654843330383,
            0.6007505734761556
        ],
        "29.a.average_valid_loss": [
            0.721474178135395,
            0.6935316845774651
        ],
        "30.a.avg_train_loss": [
            0.6028835535049438,
            0.5893465280532837,
            0.5870023767153422
        ],
        "30.a.average_valid_loss": [
            0.6902505978941917,
            0.6822252497076988,
            0.7221246361732483
        ],
        "31.a.avg_train_loss": [
            0.5842169523239136,
            0.5917014122009278
        ],
        "31.a.average_valid_loss": [
            0.7086782455444336,
            0.7296260520815849
        ],
        "32.a.avg_train_loss": [
            0.5773120085398357,
            0.5874026815096537
        ],
        "32.a.average_valid_loss": [
            0.6859389021992683,
            0.7162882536649704
        ],
        "33.a.avg_train_loss": [
            0.581117037932078,
            0.5894132296244303
        ],
        "33.a.average_valid_loss": [
            0.6897653490304947,
            0.7188875749707222
        ],
        "34.a.avg_train_loss": [
            0.5772714734077453,
            0.5934943477312724
        ],
        "34.a.average_valid_loss": [
            0.7099436745047569,
            0.7092131450772285
        ],
        "35.a.avg_train_loss": [
            0.5795619646708171,
            0.5681229511896769
        ],
        "35.a.average_valid_loss": [
            0.666074201464653,
            0.704508975148201
        ],
        "36.a.avg_train_loss": [
            0.5784359931945801,
            0.5824642697970073
        ],