{
    "NAME": "kaggle-nlp-disasters-rnn",
    "MEMO": "/home/ubuntu/.flor/kaggle-nlp-disasters-rnn/2022-02-02T01:11:59.json",
    "KVS": {
        "1.a.avg_train_loss": [
            0.6936107714970906,
            0.6865404764811198
        ],
        "1.a.average_valid_loss": [
            0.6787939295172691,
            0.670093335211277
        ],
        "2.a.avg_train_loss": [
            0.6732781728108724,
            0.6849812030792236
        ],
        "2.a.average_valid_loss": [
            0.6585790142416954,
            0.6561734601855278
        ],
        "3.a.avg_train_loss": [
            0.6613656322161356,
            0.6793434699376424
        ],
        "3.a.average_valid_loss": [
            0.6474229320883751,
            0.6478042751550674
        ],
        "4.a.avg_train_loss": [
            0.6535749038060507,
            0.6767682274182637
        ],
        "4.a.average_valid_loss": [
            0.6392616406083107,
            0.6409381404519081
        ],
        "5.a.avg_train_loss": [
            0.6537480155626932,
            0.6766284306844076
        ],
        "5.a.average_valid_loss": [
            0.6337774321436882,
            0.6337186172604561
        ],
        "6.a.avg_train_loss": [
            0.6484481930732727,
            0.6730575760205587
        ],
        "6.a.average_valid_loss": [
            0.6270222514867783,
            0.6266182512044907
        ],
        "7.a.avg_train_loss": [
            0.648601504166921,
            0.6690022548039755
        ],
        "7.a.average_valid_loss": [
            0.6225953549146652,
            0.6209502518177032
        ],
        "8.a.avg_train_loss": [
            0.6463457266489665,
            0.6662182887395223
        ],
        "8.a.average_valid_loss": [
            0.6195429041981697,
            0.6155767291784286
        ],
        "9.a.avg_train_loss": [
            0.6432726263999939,
            0.6589860876401266
        ],
        "9.a.average_valid_loss": [
            0.6173308864235878,
            0.6167914867401123
        ],
        "10.a.avg_train_loss": [
            0.6433751543362936,
            0.6599112153053284
        ],
        "10.a.average_valid_loss": [
            0.6411567330360413,
            0.6567057445645332
        ],
        "11.a.avg_train_loss": [
            0.6441771348317464,
            0.6504087607065837
        ],
        "11.a.average_valid_loss": [
            0.6771065667271614,
            0.6978926882147789
        ],
        "12.a.avg_train_loss": [
            0.6304557800292969,
            0.6421268264452616
        ],
        "12.a.average_valid_loss": [
            0.7278717011213303,
            0.7322288528084755
        ],
        "13.a.avg_train_loss": [
            0.6383357485135396,
            0.6429259697596232
        ],
        "13.a.average_valid_loss": [
            0.6927578672766685,
            0.7870870232582092
        ],
        "14.a.avg_train_loss": [
            0.6323007384936015,
            0.6437701543172201
        ],
        "14.a.average_valid_loss": [
            0.7583903074264526,
            0.7856821268796921
        ],
        "15.a.avg_train_loss": [
            0.630302103360494,
            0.636293629805247,
            0.6314596096674602
        ],
        "15.a.average_valid_loss": [
            0.7390405982732773,
            0.7960885167121887,
            0.6985529661178589
        ],
        "16.a.avg_train_loss": [
            0.6278667489687602,
            0.6369579195976257
        ],
        "16.a.average_valid_loss": [
            0.7743291258811951,
            0.6867455914616585
        ],
        "17.a.avg_train_loss": [
            0.6248404542605083,
            0.6326040228207906
        ],
        "17.a.average_valid_loss": [
            0.7192033380270004,
            0.6906200274825096
        ],
        "18.a.avg_train_loss": [
            0.6154781142870586,
            0.6309091647466024
        ],
        "18.a.average_valid_loss": [
            0.7675023600459099,
            0.6991872861981392
        ],
        "19.a.avg_train_loss": [
            0.6018680373827616,
            0.6310854514439901
        ],
        "19.a.average_valid_loss": [
            0.7552231401205063,
            0.72971211373806
        ],
        "20.a.avg_train_loss": [
            0.6121059576670329,
            0.624660336971283
        ],
        "20.a.average_valid_loss": [
            0.7495928406715393,
            0.7081335559487343
        ],
        "21.a.avg_train_loss": [
            0.6097320715586344,
            0.6297116041183471
        ],
        "21.a.average_valid_loss": [
            0.7222763746976852,
            0.6828576773405075
        ],
        "22.a.avg_train_loss": [
            0.6111984610557556,
            0.6115142862002055
        ],
        "22.a.average_valid_loss": [
            0.6962888091802597,
            0.6794597581028938
        ],
        "23.a.avg_train_loss": [
            0.6082653005917867,
            0.612167227268219
        ],
        "23.a.average_valid_loss": [
            0.7388054579496384,
            0.6924621909856796
        ],
        "24.a.avg_train_loss": [
            0.601675029595693,
            0.618117622534434
        ],
        "24.a.average_valid_loss": [
            0.7314019277691841,
            0.6899724528193474
        ],
        "25.a.avg_train_loss": [
            0.5970225691795349,
            0.6143583297729492
        ],
        "25.a.average_valid_loss": [
            0.7376251071691513,
            0.7212051749229431
        ],
        "26.a.avg_train_loss": [
            0.5869929313659668,
            0.6099508285522461
        ],
        "26.a.average_valid_loss": [
            0.7722064256668091,
            0.7104265540838242
        ],
        "27.a.avg_train_loss": [
            0.5991554856300354,
            0.6002580563227335
        ],
        "27.a.average_valid_loss": [
            0.6727502271533012,
            0.6700357720255852
        ],
        "28.a.avg_train_loss": [
            0.5950085282325744,
            0.6154803991317749
        ],
        "28.a.average_valid_loss": [
            0.7051103338599205,
            0.7022550106048584
        ],
        "29.a.avg_train_loss": [
            0.5877874851226806,
            0.5904777487119038
        ],
        "29.a.average_valid_loss": [
            0.6979281008243561,
            0.6896256729960442
        ],
        "30.a.avg_train_loss": [
            0.5973718126614889,
            0.586814268430074,
            0.5863766352335612
        ],
        "30.a.average_valid_loss": [
            0.6542973145842552,
            0.6750836670398712,
            0.6692871153354645
        ],
        "31.a.avg_train_loss": [
            0.5839585264523824,
            0.587562108039856
        ],
        "31.a.average_valid_loss": [
            0.6773020625114441,
            0.6637936905026436
        ],
        "32.a.avg_train_loss": [
            0.5732365489006043,
            0.5845969319343567
        ],
        "32.a.average_valid_loss": [
            0.6820528134703636,
            0.6748224124312401
        ],
        "33.a.avg_train_loss": [
            0.5641555349032085,
            0.5872703313827514
        ],
        "33.a.average_valid_loss": [
            0.6811086237430573,
            0.6715980470180511
        ],
        "34.a.avg_train_loss": [
            0.5683946291605632,
            0.5788459658622742
        ],
        "34.a.average_valid_loss": [
            0.6624408736824989,
            0.6274453401565552
        ],
        "35.a.avg_train_loss": [
            0.5720049778620402,
            0.5741684595743816
        ],
        "35.a.average_valid_loss": [
            0.6429052427411079,
            0.6160202249884605
        ],
        "36.a.avg_train_loss": [
            0.5813883145650228,
            0.5888079643249512
        ],