{
    "NAME": "kaggle-nlp-disasters-rnn",
    "MEMO": "/home/ec2-user/.flor/kaggle-nlp-disasters-rnn/2022-02-10T03:22:25.json",
    "KVS": {
        "1.a.avg_train_loss": [
            0.6899514238039652,
            0.6906586567560832
        ],
        "1.a.average_valid_loss": [
            0.6873143687844276,
            0.6855749413371086
        ],
        "2.a.avg_train_loss": [
            0.6833519220352173,
            0.6921318451563517
        ],
        "2.a.average_valid_loss": [
            0.6829389482736588,
            0.6830772683024406
        ],
        "3.a.avg_train_loss": [
            0.6789098739624023,
            0.6934784531593323
        ],
        "3.a.average_valid_loss": [
            0.6813360080122948,
            0.6824156939983368
        ],
        "4.a.avg_train_loss": [
            0.6759372313817342,
            0.6920445958773295
        ],
        "4.a.average_valid_loss": [
            0.6807619780302048,
            0.6825069338083267
        ],
        "5.a.avg_train_loss": [
            0.6748012741406758,
            0.6894903977711996
        ],
        "5.a.average_valid_loss": [
            0.6803680658340454,
            0.6821913048624992
        ],
        "6.a.avg_train_loss": [
            0.6733080466588338,
            0.6913564165433248
        ],
        "6.a.average_valid_loss": [
            0.679533340036869,
            0.6831745207309723
        ],
        "7.a.avg_train_loss": [
            0.6718546668688457,
            0.6907871484756469
        ],
        "7.a.average_valid_loss": [
            0.6793009415268898,
            0.6818822026252747
        ],
        "8.a.avg_train_loss": [
            0.6685359279314677,
            0.6921589851379395
        ],
        "8.a.average_valid_loss": [
            0.6782862171530724,
            0.6808521449565887
        ],
        "9.a.avg_train_loss": [
            0.6693629860877991,
            0.6879184126853943
        ],
        "9.a.average_valid_loss": [
            0.6771254613995552,
            0.6837707087397575
        ],
        "10.a.avg_train_loss": [
            0.6656492233276368,
            0.6888846079508464
        ],
        "10.a.average_valid_loss": [
            0.6762127429246902,
            0.6798253208398819
        ],
        "11.a.avg_train_loss": [
            0.6640758395195008,
            0.6896851062774658
        ],
        "11.a.average_valid_loss": [
            0.6805293709039688,
            0.6775229275226593
        ],
        "12.a.avg_train_loss": [
            0.6632263700167338,
            0.6892795046170552
        ],
        "12.a.average_valid_loss": [
            0.682307131588459,
            0.6758248656988144
        ],
        "13.a.avg_train_loss": [
            0.6602510293324788,
            0.6863097469011943
        ],
        "13.a.average_valid_loss": [
            0.6876207515597343,
            0.6723173633217812
        ],
        "14.a.avg_train_loss": [
            0.6587066690127055,
            0.6880434115727743
        ],
        "14.a.average_valid_loss": [
            0.7037841379642487,
            0.6719033196568489
        ],
        "15.a.avg_train_loss": [
            0.6620262622833252,
            0.6830234050750732,
            0.6718852043151855
        ],
        "15.a.average_valid_loss": [
            0.7050648480653763,
            0.6699335053563118,
            0.6751967668533325
        ],
        "16.a.avg_train_loss": [
            0.670980449517568,
            0.6796493371327718
        ],
        "16.a.average_valid_loss": [
            0.6679857149720192,
            0.6688351482152939
        ],
        "17.a.avg_train_loss": [
            0.6586528658866883,
            0.6815646290779114
        ],
        "17.a.average_valid_loss": [
            0.6652608513832092,
            0.6669202670454979
        ],
        "18.a.avg_train_loss": [
            0.6592706799507141,
            0.6809572776158651
        ],
        "18.a.average_valid_loss": [
            0.6677325069904327,
            0.6643109023571014
        ],
        "19.a.avg_train_loss": [
            0.6578709483146667,
            0.6816486477851867
        ],
        "19.a.average_valid_loss": [
            0.6633856818079948,
            0.6649079918861389
        ],
        "20.a.avg_train_loss": [
            0.6570801297823589,
            0.6818601687749227
        ],
        "20.a.average_valid_loss": [
            0.6680244356393814,
            0.6661043167114258
        ],
        "21.a.avg_train_loss": [
            0.656081207593282,
            0.6831672350565593
        ],
        "21.a.average_valid_loss": [
            0.6682543978095055,
            0.6694590672850609
        ],
        "22.a.avg_train_loss": [
            0.6567078113555909,
            0.6778619170188904
        ],
        "22.a.average_valid_loss": [
            0.6647920086979866,
            0.6626596748828888
        ],
        "23.a.avg_train_loss": [
            0.6539188424746195,
            0.6814801335334778
        ],
        "23.a.average_valid_loss": [
            0.6608991697430611,
            0.6609627082943916
        ],
        "24.a.avg_train_loss": [
            0.6516115069389343,
            0.6765288710594177
        ],
        "24.a.average_valid_loss": [
            0.6613886877894402,
            0.6712649762630463
        ],
        "25.a.avg_train_loss": [
            0.6510108908017477,
            0.6730283021926879
        ],
        "25.a.average_valid_loss": [
            0.6648730635643005,
            0.6601084619760513
        ],
        "26.a.avg_train_loss": [
            0.6518654147783915,
            0.6737317999204
        ],
        "26.a.average_valid_loss": [
            0.6564131826162338,
            0.6603764370083809
        ],
        "27.a.avg_train_loss": [
            0.6527211189270019,
            0.673889430363973
        ],
        "27.a.average_valid_loss": [
            0.6583163067698479,
            0.66373261064291
        ],
        "28.a.avg_train_loss": [
            0.6453728795051574,
            0.6701923569043478
        ],
        "28.a.average_valid_loss": [
            0.6556806266307831,
            0.649217426776886
        ],
        "29.a.avg_train_loss": [
            0.6421227057774862,
            0.6729551712671916
        ],
        "29.a.average_valid_loss": [
            0.6891840100288391,
            0.6502890288829803
        ],
        "30.a.avg_train_loss": [
            0.647127075990041,
            0.663684089978536,
            0.655315081278483
        ],
        "30.a.average_valid_loss": [
            0.7405771091580391,
            0.6482967659831047,
            0.661299854516983
        ],
        "31.a.avg_train_loss": [
            0.6454016625881195,
            0.6612776160240174
        ],
        "31.a.average_valid_loss": [
            0.6406856328248978,
            0.6365155801177025
        ],
        "32.a.avg_train_loss": [
            0.6418808817863464,
            0.662314526240031
        ],
        "32.a.average_valid_loss": [
            0.6405501365661621,
            0.6389219090342522
        ],
        "33.a.avg_train_loss": [
            0.633198102315267,
            0.6607308824857075
        ],
        "33.a.average_valid_loss": [
            0.6582197546958923,
            0.6333759725093842
        ],
        "34.a.avg_train_loss": [
            0.6292410433292389,
            0.6614373246828715
        ],
        "34.a.average_valid_loss": [
            0.6314220577478409,
            0.6390112638473511
        ],
        "35.a.avg_train_loss": [
            0.6396822174390157,
            0.6551041563351949
        ],
        "35.a.average_valid_loss": [
            0.6332345306873322,
            0.6305763497948647
        ],
        "36.a.avg_train_loss": [
            0.6285339653491974,
            0.6454507907231649
        ],