{
    "NAME": "kaggle-nlp-disasters-rnn",
    "MEMO": "/home/ubuntu/.flor/kaggle-nlp-disasters-rnn/2022-02-02T01:43:11.json",
    "KVS": {
        "1.a.avg_train_loss": [
            0.6956713080406189,
            0.6871585249900818
        ],
        "1.a.average_valid_loss": [
            0.6787153854966164,
            0.6709176227450371
        ],
        "2.a.avg_train_loss": [
            0.6749092658360799,
            0.6827386140823364
        ],
        "2.a.average_valid_loss": [
            0.6606203988194466,
            0.6575873494148254
        ],
        "3.a.avg_train_loss": [
            0.6628476659456889,
            0.6841232577959696
        ],
        "3.a.average_valid_loss": [
            0.6487477421760559,
            0.6500729843974113
        ],
        "4.a.avg_train_loss": [
            0.659100615978241,
            0.6785202344258626
        ],
        "4.a.average_valid_loss": [
            0.641772136092186,
            0.6437080651521683
        ],
        "5.a.avg_train_loss": [
            0.6504869182904561,
            0.6818379282951355
        ],
        "5.a.average_valid_loss": [
            0.6338819488883018,
            0.6350630968809128
        ],
        "6.a.avg_train_loss": [
            0.6513832767804464,
            0.6779444972674052
        ],
        "6.a.average_valid_loss": [
            0.6284541264176369,
            0.6287348493933678
        ],
        "7.a.avg_train_loss": [
            0.6468027234077454,
            0.6695820649464925
        ],
        "7.a.average_valid_loss": [
            0.6210831254720688,
            0.6193171665072441
        ],
        "8.a.avg_train_loss": [
            0.6461292346318562,
            0.6652940114339193
        ],
        "8.a.average_valid_loss": [
            0.6162616983056068,
            0.6142311096191406
        ],
        "9.a.avg_train_loss": [
            0.6441554029782613,
            0.663812498251597
        ],
        "9.a.average_valid_loss": [
            0.6257557347416878,
            0.6217348277568817
        ],
        "10.a.avg_train_loss": [
            0.6482387582461039,
            0.6608692884445191
        ],
        "10.a.average_valid_loss": [
            0.6457942128181458,
            0.6452788040041924
        ],
        "11.a.avg_train_loss": [
            0.6427885532379151,
            0.6565111160278321
        ],
        "11.a.average_valid_loss": [
            0.6675710156559944,
            0.6914889961481094
        ],
        "12.a.avg_train_loss": [
            0.6378603378931681,
            0.6549632986386617
        ],
        "12.a.average_valid_loss": [
            0.7129828482866287,
            0.7558853477239609
        ],
        "13.a.avg_train_loss": [
            0.6377368847529093,
            0.642084523042043
        ],
        "13.a.average_valid_loss": [
            0.7543977871537209,
            0.7885802462697029
        ],
        "14.a.avg_train_loss": [
            0.6307405153910319,
            0.6456612388292948
        ],
        "14.a.average_valid_loss": [
            0.7596031725406647,
            0.7949033752083778
        ],
        "15.a.avg_train_loss": [
            0.6255894104639689,
            0.641640309492747,
            0.6343417723973592
        ],
        "15.a.average_valid_loss": [
            0.7771544754505157,
            0.7633375227451324,
            0.6864295229315758
        ],
        "16.a.avg_train_loss": [
            0.6275526483853658,
            0.6399469057718913
        ],
        "16.a.average_valid_loss": [
            0.7593767270445824,
            0.6968239992856979
        ],
        "17.a.avg_train_loss": [
            0.6196462512016296,
            0.6325941125551859
        ],
        "17.a.average_valid_loss": [
            0.7572894990444183,
            0.6982226073741913
        ],
        "18.a.avg_train_loss": [
            0.6153516809145609,
            0.6345148046811422
        ],
        "18.a.average_valid_loss": [
            0.7947523072361946,
            0.7045676782727242
        ],
        "19.a.avg_train_loss": [
            0.6148960550626119,
            0.6250896175702413
        ],
        "19.a.average_valid_loss": [
            0.7681510224938393,
            0.697013720870018
        ],
        "20.a.avg_train_loss": [
            0.613703993956248,
            0.6313509662946065
        ],
        "20.a.average_valid_loss": [
            0.7430887743830681,
            0.66635762155056
        ],
        "21.a.avg_train_loss": [
            0.6042666832605997,
            0.6199558059374491
        ],
        "21.a.average_valid_loss": [
            0.714769683778286,
            0.6568458303809166
        ],
        "22.a.avg_train_loss": [
            0.6118329604466756,
            0.611893371740977
        ],
        "22.a.average_valid_loss": [
            0.690922200679779,
            0.6947335079312325
        ],
        "23.a.avg_train_loss": [
            0.5888591607411703,
            0.6093157410621644
        ],
        "23.a.average_valid_loss": [
            0.7676990330219269,
            0.7056384906172752
        ],
        "24.a.avg_train_loss": [
            0.6165828863779704,
            0.6055075327555338
        ],
        "24.a.average_valid_loss": [
            0.6974710822105408,
            0.6576693803071976
        ],
        "25.a.avg_train_loss": [
            0.6007390022277832,
            0.5955738067626953
        ],
        "25.a.average_valid_loss": [
            0.6958106011152267,
            0.6806264817714691
        ],
        "26.a.avg_train_loss": [
            0.5949933489163717,
            0.6054426113764445
        ],
        "26.a.average_valid_loss": [
            0.7200658246874809,
            0.6616863906383514
        ],
        "27.a.avg_train_loss": [
            0.5982068459192912,
            0.5976903557777404
        ],
        "27.a.average_valid_loss": [
            0.6638185381889343,
            0.6559242978692055
        ],
        "28.a.avg_train_loss": [
            0.6000246326128642,
            0.5920548240343729
        ],
        "28.a.average_valid_loss": [
            0.6626092419028282,
            0.6739987656474113
        ],
        "29.a.avg_train_loss": [
            0.5965012669563293,
            0.595430835088094
        ],
        "29.a.average_valid_loss": [
            0.6575505882501602,
            0.6278818845748901
        ],
        "30.a.avg_train_loss": [
            0.5818149646123251,
            0.5829669157663981,
            0.5818498412768046
        ],
        "30.a.average_valid_loss": [
            0.6506843566894531,
            0.6637198254466057,
            0.672663725912571
        ],
        "31.a.avg_train_loss": [
            0.5808008829752604,
            0.583805235226949
        ],
        "31.a.average_valid_loss": [
            0.6649828255176544,
            0.63510762155056
        ],
        "32.a.avg_train_loss": [
            0.567785640557607,
            0.5842723290125529
        ],
        "32.a.average_valid_loss": [
            0.6664875745773315,
            0.6441841423511505
        ],
        "33.a.avg_train_loss": [
            0.569418470064799,
            0.5922149022420248
        ],
        "33.a.average_valid_loss": [
            0.6679594963788986,
            0.6470202803611755
        ],
        "34.a.avg_train_loss": [
            0.5643975098927816,
            0.5805989662806194
        ],
        "34.a.average_valid_loss": [
            0.6724259555339813,
            0.6658327132463455
        ],
        "35.a.avg_train_loss": [
            0.5599033733208975,
            0.5826696236928304
        ],
        "35.a.average_valid_loss": [
            0.6681930273771286,
            0.6388078033924103
        ],
        "36.a.avg_train_loss": [
            0.5590855836868286,
            0.5841219782829284
        ],