{
    "NAME": "kaggle-nlp-disasters-rnn",
    "MEMO": "/home/ubuntu/.flor/kaggle-nlp-disasters-rnn/2022-02-02T02:24:29.json",
    "KVS": {
        "1.a.avg_train_loss": [
            0.7215429623921712,
            0.6950608809789022
        ],
        "1.a.average_valid_loss": [
            0.6839173063635826,
            0.6843172013759613
        ],
        "2.a.avg_train_loss": [
            0.6821442763010661,
            0.6934464653333028
        ],
        "2.a.average_valid_loss": [
            0.6812620311975479,
            0.6816195249557495
        ],
        "3.a.avg_train_loss": [
            0.6780343810717265,
            0.692389976978302
        ],
        "3.a.average_valid_loss": [
            0.6803576275706291,
            0.6800071448087692
        ],
        "4.a.avg_train_loss": [
            0.6776539564132691,
            0.6952826817830403
        ],
        "4.a.average_valid_loss": [
            0.6792244538664818,
            0.6796890124678612
        ],
        "5.a.avg_train_loss": [
            0.6762807329495748,
            0.6913739720980326
        ],
        "5.a.average_valid_loss": [
            0.6799484863877296,
            0.679748997092247
        ],
        "6.a.avg_train_loss": [
            0.6727338671684265,
            0.6925400813420614
        ],
        "6.a.average_valid_loss": [
            0.6791474595665932,
            0.6796210780739784
        ],
        "7.a.avg_train_loss": [
            0.6737805962562561,
            0.6927634398142497
        ],
        "7.a.average_valid_loss": [
            0.6790821850299835,
            0.6788407117128372
        ],
        "8.a.avg_train_loss": [
            0.6738027691841125,
            0.6918203393618266
        ],
        "8.a.average_valid_loss": [
            0.6784538477659225,
            0.6781351044774055
        ],
        "9.a.avg_train_loss": [
            0.6731635491053264,
            0.6951854070027669
        ],
        "9.a.average_valid_loss": [
            0.6784472540020943,
            0.6783505231142044
        ],
        "10.a.avg_train_loss": [
            0.6736378192901611,
            0.6924067417780558
        ],
        "10.a.average_valid_loss": [
            0.6789482235908508,
            0.6785643324255943
        ],
        "11.a.avg_train_loss": [
            0.6722017884254455,
            0.6904088695844014
        ],
        "11.a.average_valid_loss": [
            0.6775558665394783,
            0.677243746817112
        ],
        "12.a.avg_train_loss": [
            0.6734643777211508,
            0.6922187129656474
        ],
        "12.a.average_valid_loss": [
            0.6764025762677193,
            0.6765245124697685
        ],
        "13.a.avg_train_loss": [
            0.6763346393903097,
            0.6893060127894084
        ],
        "13.a.average_valid_loss": [
            0.6783692687749863,
            0.6775884181261063
        ],
        "14.a.avg_train_loss": [
            0.6762301683425903,
            0.6882120092709859
        ],
        "14.a.average_valid_loss": [
            0.6768433079123497,
            0.6755989268422127
        ],
        "15.a.avg_train_loss": [
            0.679073699315389,
            0.6818009614944458,
            0.6830664992332458
        ],
        "15.a.average_valid_loss": [
            0.6754728853702545,
            0.674280509352684,
            0.6732263118028641
        ],
        "16.a.avg_train_loss": [
            0.6711086630821228,
            0.6874174237251282
        ],
        "16.a.average_valid_loss": [
            0.6692327931523323,
            0.6675379723310471
        ],
        "17.a.avg_train_loss": [
            0.6714945594469707,
            0.6854377230008443
        ],
        "17.a.average_valid_loss": [
            0.6680736690759659,
            0.6663408353924751
        ],
        "18.a.avg_train_loss": [
            0.668206787109375,
            0.6844223499298095
        ],
        "18.a.average_valid_loss": [
            0.6622280552983284,
            0.6637348011136055
        ],
        "19.a.avg_train_loss": [
            0.6689908981323243,
            0.6807905554771423
        ],
        "19.a.average_valid_loss": [
            0.6659313440322876,
            0.658385381102562
        ],
        "20.a.avg_train_loss": [
            0.6587227980295817,
            0.6749699831008911
        ],
        "20.a.average_valid_loss": [
            0.6460128501057625,
            0.6302366107702255
        ],
        "21.a.avg_train_loss": [
            0.6571116884549458,
            0.6775870124499003
        ],
        "21.a.average_valid_loss": [
            0.6194275245070457,
            0.618104413151741
        ],
        "22.a.avg_train_loss": [
            0.6524014671643575,
            0.6800884087880452
        ],
        "22.a.average_valid_loss": [
            0.6382140964269638,
            0.6372380405664444
        ],
        "23.a.avg_train_loss": [
            0.6537625948588054,
            0.66470312277476
        ],
        "23.a.average_valid_loss": [
            0.6356693878769875,
            0.6090619042515755
        ],
        "24.a.avg_train_loss": [
            0.6424701094627381,
            0.6594515800476074
        ],
        "24.a.average_valid_loss": [
            0.5833580195903778,
            0.6187600493431091
        ],
        "25.a.avg_train_loss": [
            0.6471646070480347,
            0.650808839003245
        ],
        "25.a.average_valid_loss": [
            0.5984894633293152,
            0.5867580100893974
        ],
        "26.a.avg_train_loss": [
            0.6392517407735189,
            0.6512362599372864
        ],
        "26.a.average_valid_loss": [
            0.5952316150069237,
            0.5898275524377823
        ],
        "27.a.avg_train_loss": [
            0.6418501377105713,
            0.6452176054318746
        ],
        "27.a.average_valid_loss": [
            0.5878209844231606,
            0.5604575797915459
        ],
        "28.a.avg_train_loss": [
            0.6344826777776083,
            0.6516202847162883
        ],
        "28.a.average_valid_loss": [
            0.5599046498537064,
            0.5951936095952988
        ],
        "29.a.avg_train_loss": [
            0.6403707424799602,
            0.6411536971728007
        ],
        "29.a.average_valid_loss": [
            0.587415985763073,
            0.574513390660286
        ],
        "30.a.avg_train_loss": [
            0.648592762152354,
            0.6397169947624206,
            0.6518396377563477
        ],
        "30.a.average_valid_loss": [
            0.5720658823847771,
            0.5700876116752625,
            0.5930347368121147
        ],
        "31.a.avg_train_loss": [
            0.6381695906321208,
            0.6570263187090556
        ],
        "31.a.average_valid_loss": [
            0.5962226837873459,
            0.5706798136234283
        ],
        "32.a.avg_train_loss": [
            0.6307380159695943,
            0.643764050801595
        ],
        "32.a.average_valid_loss": [
            0.5647449493408203,
            0.5748838484287262
        ],
        "33.a.avg_train_loss": [
            0.6267154812812805,
            0.6432236194610595
        ],
        "33.a.average_valid_loss": [
            0.5664534419775009,
            0.5685280859470367
        ],
        "34.a.avg_train_loss": [
            0.6292983849843343,
            0.6529510656992594
        ],
        "34.a.average_valid_loss": [
            0.580134354531765,
            0.5800293758511543
        ],
        "35.a.avg_train_loss": [
            0.6330962538719177,
            0.648381753762563
        ],
        "35.a.average_valid_loss": [
            0.6148489490151405,
            0.5955439060926437
        ],
        "36.a.avg_train_loss": [
            0.6309594591458638,
            0.6354929765065511
        ],