{
    "NAME": "kaggle-nlp-disasters-rnn",
    "MEMO": "/home/codespace/.flor/kaggle-nlp-disasters-rnn/2022-02-02T00:05:22.json",
    "KVS": {
        "1.a.avg_train_loss": [
            0.6830233772595723,
            0.668913193543752
        ],
        "1.a.average_valid_loss": [
            0.6675198450684547,
            0.6511282026767731
        ],
        "2.a.avg_train_loss": [
            0.6322793006896973,
            0.6351886073748271
        ],
        "2.a.average_valid_loss": [
            0.629438005387783,
            0.6107608377933502
        ],
        "3.a.avg_train_loss": [
            0.5782233436902364,
            0.5795960505803426
        ],
        "3.a.average_valid_loss": [
            0.5857487842440605,
            0.5640785023570061
        ],
        "4.a.avg_train_loss": [
            0.5263955275217692,
            0.5184208452701569
        ],
        "4.a.average_valid_loss": [
            0.550040103495121,
            0.538529634475708
        ],
        "5.a.avg_train_loss": [
            0.48633115490277606,
            0.46638723015785216
        ],
        "5.a.average_valid_loss": [
            0.5270087160170078,
            0.5177798122167587
        ],
        "6.a.avg_train_loss": [
            0.4571303963661194,
            0.4196014920870463
        ],
        "6.a.average_valid_loss": [
            0.5187938697636127,
            0.5104541182518005
        ],
        "7.a.avg_train_loss": [
            0.42836963136990863,
            0.3863295396169027
        ],
        "7.a.average_valid_loss": [
            0.5132077075541019,
            0.5176933333277702
        ],
        "8.a.avg_train_loss": [
            0.4005790909131368,
            0.3578328887621562
        ],
        "8.a.average_valid_loss": [
            0.5009866245090961,
            0.5191993825137615
        ],
        "9.a.avg_train_loss": [
            0.37647204995155337,
            0.3317388912041982
        ],
        "9.a.average_valid_loss": [
            0.5185146890580654,
            0.5184142217040062
        ],
        "10.a.avg_train_loss": [
            0.36409202019373577,
            0.3251047174135844
        ],
        "10.a.average_valid_loss": [
            0.6186763979494572,
            0.5823920480906963
        ],
        "11.a.avg_train_loss": [
            0.34678128560384114,
            0.3343873838583628
        ],
        "11.a.average_valid_loss": [
            0.7841001227498055,
            0.5196277126669884
        ],
        "12.a.avg_train_loss": [
            0.3318658153216044,
            0.303688050309817
        ],
        "12.a.average_valid_loss": [
            0.5633344724774361,
            0.5308135598897934
        ],
        "13.a.avg_train_loss": [
            0.3025083184242249,
            0.2824774255355199
        ],
        "13.a.average_valid_loss": [
            0.5456694774329662,
            0.5546208657324314
        ],
        "14.a.avg_train_loss": [
            0.2662502884864807,
            0.2544832388559977
        ],
        "14.a.average_valid_loss": [
            0.557678185403347,
            0.6306705735623837
        ],
        "15.a.avg_train_loss": [
            0.24109138747056325,
            0.2439946750799815,
            0.21185458898544313
        ],
        "15.a.average_valid_loss": [
            0.5711067654192448,
            0.665129229426384,
            0.580664861947298
        ],
        "16.a.avg_train_loss": [
            0.23643964231014253,
            0.20430723329385123
        ],
        "16.a.average_valid_loss": [
            0.6507704071700573,
            0.5857304632663727
        ],
        "17.a.avg_train_loss": [
            0.21933969855308533,
            0.1942680522799492
        ],
        "17.a.average_valid_loss": [
            0.6552948765456676,
            0.6277425661683083
        ],
        "18.a.avg_train_loss": [
            0.21130666037400564,
            0.19523471494515737
        ],
        "18.a.average_valid_loss": [
            0.5833717025816441,
            0.690170519053936
        ],
        "19.a.avg_train_loss": [
            0.21202451835076014,
            0.19059194326400758
        ],
        "19.a.average_valid_loss": [
            0.6267646662890911,
            0.670996330678463
        ],
        "20.a.avg_train_loss": [
            0.19260544776916505,
            0.14833000550667444
        ],
        "20.a.average_valid_loss": [
            0.6767598986625671,
            0.6920961812138557
        ]
    }
}