{
    "NAME": "kaggle-nlp-disasters-rnn",
    "MEMO": "/home/ubuntu/.flor/kaggle-nlp-disasters-rnn/2022-02-02T01:23:15.json",
    "KVS": {
        "1.a.avg_train_loss": [
            0.6903836806615193,
            0.6866473158200582
        ],
        "1.a.average_valid_loss": [
            0.6766878142952919,
            0.6674786359071732
        ],
        "2.a.avg_train_loss": [
            0.6737886746724446,
            0.6805880387624105
        ],
        "2.a.average_valid_loss": [
            0.6567024886608124,
            0.6530572101473808
        ],
        "3.a.avg_train_loss": [
            0.6588325937589009,
            0.678273860613505
        ],
        "3.a.average_valid_loss": [
            0.6450885608792305,
            0.6445959061384201
        ],
        "4.a.avg_train_loss": [
            0.6510986924171448,
            0.6725012143452962
        ],
        "4.a.average_valid_loss": [
            0.6382486596703529,
            0.6396040618419647
        ],
        "5.a.avg_train_loss": [
            0.6520819266637167,
            0.6716590404510498
        ],
        "5.a.average_valid_loss": [
            0.6335284858942032,
            0.6339717134833336
        ],
        "6.a.avg_train_loss": [
            0.6500348250071207,
            0.6691988706588745
        ],
        "6.a.average_valid_loss": [
            0.6281513869762421,
            0.6261277124285698
        ],
        "7.a.avg_train_loss": [
            0.645734437306722,
            0.6679424444834391
        ],
        "7.a.average_valid_loss": [
            0.6219266057014465,
            0.6177151128649712
        ],
        "8.a.avg_train_loss": [
            0.6424835761388142,
            0.6654485821723938
        ],
        "8.a.average_valid_loss": [
            0.6207110360264778,
            0.6148189902305603
        ],
        "9.a.avg_train_loss": [
            0.6471927007039388,
            0.6615102012952169
        ],
        "9.a.average_valid_loss": [
            0.6184846609830856,
            0.6175114959478378
        ],
        "10.a.avg_train_loss": [
            0.64398353099823,
            0.6599101424217224
        ],
        "10.a.average_valid_loss": [
            0.6261634901165962,
            0.6225463896989822
        ],
        "11.a.avg_train_loss": [
            0.6394816915194194,
            0.6502630949020386
        ],
        "11.a.average_valid_loss": [
            0.6298185586929321,
            0.6769423484802246
        ],
        "12.a.avg_train_loss": [
            0.6443669160207113,
            0.6557602961858113
        ],
        "12.a.average_valid_loss": [
            0.6728395521640778,
            0.6877114400267601
        ],
        "13.a.avg_train_loss": [
            0.6395609060923259,
            0.646766722202301
        ],
        "13.a.average_valid_loss": [
            0.6842979267239571,
            0.7622891217470169
        ],
        "14.a.avg_train_loss": [
            0.6402368942896525,
            0.6445226947466532
        ],
        "14.a.average_valid_loss": [
            0.6872313246130943,
            0.7365483120083809
        ],
        "15.a.avg_train_loss": [
            0.6372684955596923,
            0.6379006266593933,
            0.6414041678110759
        ],
        "15.a.average_valid_loss": [
            0.6833851113915443,
            0.7621670141816139,
            0.7057835459709167
        ],
        "16.a.avg_train_loss": [
            0.6300199627876282,
            0.6346249739329021
        ],
        "16.a.average_valid_loss": [
            0.8198921084403992,
            0.6943790391087532
        ],
        "17.a.avg_train_loss": [
            0.6271324237187703,
            0.6387613375981649
        ],
        "17.a.average_valid_loss": [
            0.7752579376101494,
            0.66123466193676
        ],
        "18.a.avg_train_loss": [
            0.6191290458043416,
            0.6422638257344564
        ],
        "18.a.average_valid_loss": [
            0.7341879904270172,
            0.6570555046200752
        ],
        "19.a.avg_train_loss": [
            0.6078211943308512,
            0.6319274783134461
        ],
        "19.a.average_valid_loss": [
            0.7326760590076447,
            0.6391299292445183
        ],
        "20.a.avg_train_loss": [
            0.6106286962827047,
            0.633606231212616
        ],
        "20.a.average_valid_loss": [
            0.7070959284901619,
            0.6529160961508751
        ],
        "21.a.avg_train_loss": [
            0.6211188356081645,
            0.6259493350982666
        ],
        "21.a.average_valid_loss": [
            0.7339941114187241,
            0.6579096168279648
        ],
        "22.a.avg_train_loss": [
            0.6162242849667867,
            0.6217480580012004
        ],
        "22.a.average_valid_loss": [
            0.7196459397673607,
            0.6730961799621582
        ],
        "23.a.avg_train_loss": [
            0.6023688197135926,
            0.6253099838892618
        ],
        "23.a.average_valid_loss": [
            0.746877633035183,
            0.6897685155272484
        ],
        "24.a.avg_train_loss": [
            0.6062399268150329,
            0.6070063432057698
        ],
        "24.a.average_valid_loss": [
            0.7830657735466957,
            0.6924273297190666
        ],
        "25.a.avg_train_loss": [
            0.6086361805597941,
            0.6132235924402872
        ],
        "25.a.average_valid_loss": [
            0.7278426513075829,
            0.6949064284563065
        ],
        "26.a.avg_train_loss": [
            0.6046902497609457,
            0.610586965084076
        ],
        "26.a.average_valid_loss": [
            0.7026811838150024,
            0.6795386001467705
        ],
        "27.a.avg_train_loss": [
            0.605772078037262,
            0.6003148118654887
        ],
        "27.a.average_valid_loss": [
            0.6804291605949402,
            0.6939397230744362
        ],
        "28.a.avg_train_loss": [
            0.5906219442685445,
            0.6030861457188924
        ],
        "28.a.average_valid_loss": [
            0.700771376490593,
            0.6942371502518654
        ],
        "29.a.avg_train_loss": [
            0.600596570968628,
            0.5993767102559407
        ],
        "29.a.average_valid_loss": [
            0.6536245718598366,
            0.679144985973835
        ],
        "30.a.avg_train_loss": [
            0.5941992481549581,
            0.6022844354311625,
            0.5962408701578776
        ],
        "30.a.average_valid_loss": [
            0.6550857052206993,
            0.6684421375393867,
            0.6512148976325989
        ],
        "31.a.avg_train_loss": [
            0.5918985843658447,
            0.59051140944163
        ],
        "31.a.average_valid_loss": [
            0.677079476416111,
            0.6647971421480179
        ],
        "32.a.avg_train_loss": [
            0.5900314807891845,
            0.5932217478752136
        ],
        "32.a.average_valid_loss": [
            0.6824217438697815,
            0.6474034786224365
        ],
        "33.a.avg_train_loss": [
            0.5748377243677775,
            0.5992801666259766
        ],
        "33.a.average_valid_loss": [
            0.6840338557958603,
            0.6331045851111412
        ],
        "34.a.avg_train_loss": [
            0.5837768117586771,
            0.5861999352773031
        ],
        "34.a.average_valid_loss": [
            0.6620915532112122,
            0.6451620869338512
        ],
        "35.a.avg_train_loss": [
            0.5831603288650513,
            0.588283916314443
        ],
        "35.a.average_valid_loss": [
            0.6498587727546692,
            0.618453111499548
        ],
        "36.a.avg_train_loss": [
            0.5730946024258932,
            0.572946039835612
        ],