{
    "NAME": "kaggle-nlp-disasters-rnn",
    "MEMO": "/home/ubuntu/.flor/kaggle-nlp-disasters-rnn/2022-02-02T02:25:17.json",
    "KVS": {
        "1.a.avg_train_loss": [
            0.7220617930094401,
            0.6948853095372518
        ],
        "1.a.average_valid_loss": [
            0.6874802112579346,
            0.6864659562706947
        ],
        "2.a.avg_train_loss": [
            0.6896849155426026,
            0.6924233078956604
        ],
        "2.a.average_valid_loss": [
            0.6822769716382027,
            0.6818530559539795
        ],
        "3.a.avg_train_loss": [
            0.6797594507535298,
            0.6922522147496541
        ],
        "3.a.average_valid_loss": [
            0.6795471161603928,
            0.6800176650285721
        ],
        "4.a.avg_train_loss": [
            0.6746496836344401,
            0.6923680663108825
        ],
        "4.a.average_valid_loss": [
            0.6780435666441917,
            0.6790864244103432
        ],
        "5.a.avg_train_loss": [
            0.6736564000447591,
            0.689922571182251
        ],
        "5.a.average_valid_loss": [
            0.678340308368206,
            0.6784247010946274
        ],
        "6.a.avg_train_loss": [
            0.6748483935991924,
            0.6931199073791504
        ],
        "6.a.average_valid_loss": [
            0.678787037730217,
            0.6784948706626892
        ],
        "7.a.avg_train_loss": [
            0.6714311361312866,
            0.6918984452883402
        ],
        "7.a.average_valid_loss": [
            0.6780569851398468,
            0.6777249723672867
        ],
        "8.a.avg_train_loss": [
            0.6724544246991475,
            0.6956069350242615
        ],
        "8.a.average_valid_loss": [
            0.6777110323309898,
            0.6783706620335579
        ],
        "9.a.avg_train_loss": [
            0.6728921214739482,
            0.6938403129577637
        ],
        "9.a.average_valid_loss": [
            0.6781435236334801,
            0.6783457845449448
        ],
        "10.a.avg_train_loss": [
            0.6697061816851299,
            0.6915183742841085
        ],
        "10.a.average_valid_loss": [
            0.677554227411747,
            0.6769127398729324
        ],
        "11.a.avg_train_loss": [
            0.6709131916364034,
            0.6910803556442261
        ],
        "11.a.average_valid_loss": [
            0.6756271943449974,
            0.6757969856262207
        ],
        "12.a.avg_train_loss": [
            0.6767446597417196,
            0.6914584279060364
        ],
        "12.a.average_valid_loss": [
            0.6774217411875725,
            0.678600400686264
        ],
        "13.a.avg_train_loss": [
            0.6733228206634522,
            0.6894747495651246
        ],
        "13.a.average_valid_loss": [
            0.6779480874538422,
            0.6766243651509285
        ],
        "14.a.avg_train_loss": [
            0.6783674518267314,
            0.6863573869069417
        ],
        "14.a.average_valid_loss": [
            0.6772900372743607,
            0.6767771318554878
        ],
        "15.a.avg_train_loss": [
            0.6771865169207255,
            0.6861438671747844,
            0.6848296006520589
        ],
        "15.a.average_valid_loss": [
            0.6758034527301788,
            0.6757054179906845,
            0.6760131791234016
        ],
        "16.a.avg_train_loss": [
            0.6765881538391113,
            0.6878254175186157
        ],
        "16.a.average_valid_loss": [
            0.6751627773046494,
            0.6755029112100601
        ],
        "17.a.avg_train_loss": [
            0.6765251080195109,
            0.6913247068723043
        ],
        "17.a.average_valid_loss": [
            0.675364762544632,
            0.6757113412022591
        ],
        "18.a.avg_train_loss": [
            0.6716311971346537,
            0.6892946203549702
        ],
        "18.a.average_valid_loss": [
            0.6755891740322113,
            0.6730838418006897
        ],
        "19.a.avg_train_loss": [
            0.6724627097447713,
            0.6892900188763936
        ],
        "19.a.average_valid_loss": [
            0.6729731187224388,
            0.6723813191056252
        ],
        "20.a.avg_train_loss": [
            0.6715829531351726,
            0.6842000285784403
        ],
        "20.a.average_valid_loss": [
            0.67296501994133,
            0.6713376343250275
        ],
        "21.a.avg_train_loss": [
            0.6685897946357727,
            0.6861283580462137
        ],
        "21.a.average_valid_loss": [
            0.6696012243628502,
            0.6687746420502663
        ],
        "22.a.avg_train_loss": [
            0.6630147099494934,
            0.6825627565383912
        ],
        "22.a.average_valid_loss": [
            0.6662074401974678,
            0.6624734476208687
        ],
        "23.a.avg_train_loss": [
            0.6668808539708455,
            0.6876878380775452
        ],
        "23.a.average_valid_loss": [
            0.6620203778147697,
            0.6655956283211708
        ],
        "24.a.avg_train_loss": [
            0.6723712046941122,
            0.681866439183553
        ],
        "24.a.average_valid_loss": [
            0.6688835322856903,
            0.6660421341657639
        ],
        "25.a.avg_train_loss": [
            0.6638928373654683,
            0.6827751596768697
        ],
        "25.a.average_valid_loss": [
            0.662517823278904,
            0.6589891761541367
        ],
        "26.a.avg_train_loss": [
            0.6665089964866638,
            0.6799156943957011
        ],
        "26.a.average_valid_loss": [
            0.6606063917279243,
            0.6557626351714134
        ],
        "27.a.avg_train_loss": [
            0.663850208123525,
            0.6807594021161397
        ],
        "27.a.average_valid_loss": [
            0.6563857868313789,
            0.6527828872203827
        ],
        "28.a.avg_train_loss": [
            0.6592900435129802,
            0.6692402442296346
        ],
        "28.a.average_valid_loss": [
            0.6524393036961555,
            0.6454748585820198
        ],
        "29.a.avg_train_loss": [
            0.6661558071772258,
            0.6726779818534852
        ],
        "29.a.average_valid_loss": [
            0.6481190845370293,
            0.6462695822119713
        ],
        "30.a.avg_train_loss": [
            0.6574535886446635,
            0.6674848953882854,
            0.6670443892478943
        ],
        "30.a.average_valid_loss": [
            0.637161947786808,
            0.6327067166566849,
            0.6401846334338188
        ],
        "31.a.avg_train_loss": [
            0.6557700753211975,
            0.6662877281506856
        ],
        "31.a.average_valid_loss": [
            0.6258841380476952,
            0.6283015385270119
        ],
        "32.a.avg_train_loss": [
            0.6534375826517741,
            0.6615623831748962
        ],
        "32.a.average_valid_loss": [
            0.6416967064142227,
            0.6213699579238892
        ],
        "33.a.avg_train_loss": [
            0.6488112966219585,
            0.6712830265363058
        ],
        "33.a.average_valid_loss": [
            0.6309134289622307,
            0.6365555077791214
        ],
        "34.a.avg_train_loss": [
            0.658571986357371,
            0.6662737290064494
        ],
        "34.a.average_valid_loss": [
            0.6323492974042892,
            0.6189643740653992
        ],
        "35.a.avg_train_loss": [
            0.641619873046875,
            0.6695323705673217
        ],
        "35.a.average_valid_loss": [
            0.6061194688081741,
            0.6038842350244522
        ],
        "36.a.avg_train_loss": [
            0.6537583907445271,
            0.6822909077008565
        ],