{
    "NAME": "kaggle-nlp-disasters-rnn",
    "MEMO": "/home/codespace/.flor/kaggle-nlp-disasters-rnn/2022-02-02T00:12:25.json",
    "KVS": {
        "1.a.avg_train_loss": [
            0.6866574088732401,
            0.6840045809745788
        ],
        "1.a.average_valid_loss": [
            0.6809759587049484,
            0.6773761287331581
        ],
        "2.a.avg_train_loss": [
            0.6744821310043335,
            0.6793568015098572
        ],
        "2.a.average_valid_loss": [
            0.6726075187325478,
            0.6691377237439156
        ],
        "3.a.avg_train_loss": [
            0.662087062994639,
            0.6744608163833619
        ],
        "3.a.average_valid_loss": [
            0.6640590950846672,
            0.6598274931311607
        ],
        "4.a.avg_train_loss": [
            0.6518152713775635,
            0.66325896581014
        ],
        "4.a.average_valid_loss": [
            0.6541644260287285,
            0.6481689587235451
        ],
        "5.a.avg_train_loss": [
            0.6382821838061015,
            0.6478321512540182
        ],
        "5.a.average_valid_loss": [
            0.640363797545433,
            0.630714662373066
        ],
        "6.a.avg_train_loss": [
            0.6207707564036051,
            0.6216567834218343
        ],
        "6.a.average_valid_loss": [
            0.6185935884714127,
            0.610326923429966
        ],
        "7.a.avg_train_loss": [
            0.5985446691513061,
            0.5966450969378153
        ],
        "7.a.average_valid_loss": [
            0.6019795164465904,
            0.597812794148922
        ],
        "8.a.avg_train_loss": [
            0.5750883936882019,
            0.5754558126131694
        ],
        "8.a.average_valid_loss": [
            0.5832718387246132,
            0.5794707909226418
        ],
        "9.a.avg_train_loss": [
            0.5572980483373006,
            0.5551167547702789
        ],
        "9.a.average_valid_loss": [
            0.5640126466751099,
            0.5655984207987785
        ],
        "10.a.avg_train_loss": [
            0.5515631337960561,
            0.5292040665944417
        ],
        "10.a.average_valid_loss": [
            0.5485537424683571,
            0.5474081225693226
        ],
        "11.a.avg_train_loss": [
            0.5375685890515646,
            0.5120627144972484
        ],
        "11.a.average_valid_loss": [
            0.5357396453619003,
            0.5325778014957905
        ],
        "12.a.avg_train_loss": [
            0.5158569236596425,
            0.49359532197316486
        ],
        "12.a.average_valid_loss": [
            0.5268438123166561,
            0.5201832838356495
        ],
        "13.a.avg_train_loss": [
            0.5076576054096222,
            0.4770976960659027
        ],
        "13.a.average_valid_loss": [
            0.5190882682800293,
            0.5117408037185669
        ],
        "14.a.avg_train_loss": [
            0.48148319125175476,
            0.46512641906738283
        ],
        "14.a.average_valid_loss": [
            0.5128791369497776,
            0.5058811455965042
        ],
        "15.a.avg_train_loss": [
            0.47028830647468567,
            0.44474450349807737,
            0.45485824743906655
        ],
        "15.a.average_valid_loss": [
            0.5056577585637569,
            0.5014969743788242,
            0.49917884171009064
        ],
        "16.a.avg_train_loss": [
            0.43562511801719667,
            0.44217318296432495
        ],
        "16.a.average_valid_loss": [
            0.494991485029459,
            0.49534396827220917
        ],
        "17.a.avg_train_loss": [
            0.4164221624533335,
            0.43570290207862855
        ],
        "17.a.average_valid_loss": [
            0.4902570955455303,
            0.49463534355163574
        ],
        "18.a.avg_train_loss": [
            0.4060030241807302,
            0.41465630332628883
        ],
        "18.a.average_valid_loss": [
            0.4914376921951771,
            0.4921574331820011
        ],
        "19.a.avg_train_loss": [
            0.39332094192504885,
            0.39887776772181194
        ],
        "19.a.average_valid_loss": [
            0.4913872368633747,
            0.49436821788549423
        ],
        "20.a.avg_train_loss": [
            0.3880821923414866,
            0.3786368032296499
        ],
        "20.a.average_valid_loss": [
            0.4933493360877037,
            0.4904955253005028
        ],
        "21.a.avg_train_loss": [
            0.39026714166005455,
            0.3719449043273926
        ],
        "21.a.average_valid_loss": [
            0.49867210909724236,
            0.49270593374967575
        ],
        "22.a.avg_train_loss": [
            0.38240214983622234,
            0.3556773563226064
        ],
        "22.a.average_valid_loss": [
            0.501987773925066,
            0.4954329766333103
        ],
        "23.a.avg_train_loss": [
            0.36822941700617473,
            0.3501896858215332
        ],
        "23.a.average_valid_loss": [
            0.511685885488987,
            0.5017226934432983
        ],
        "24.a.avg_train_loss": [
            0.3585040271282196,
            0.3449752350648244
        ],
        "24.a.average_valid_loss": [
            0.51333799213171,
            0.5059416405856609
        ],
        "25.a.avg_train_loss": [
            0.3514646093050639,
            0.32502982020378113
        ],
        "25.a.average_valid_loss": [
            0.5029578506946564,
            0.507942371070385
        ],
        "26.a.avg_train_loss": [
            0.33846838275591534,
            0.32865193287531536
        ],
        "26.a.average_valid_loss": [
            0.5179731696844101,
            0.5093853883445263
        ],
        "27.a.avg_train_loss": [
            0.32965898712476094,
            0.31616900165875755
        ],
        "27.a.average_valid_loss": [
            0.519530888646841,
            0.5153782032430172
        ],
        "28.a.avg_train_loss": [
            0.31736303369204205,
            0.31362974445025127
        ],
        "28.a.average_valid_loss": [
            0.5320636406540871,
            0.5214279964566231
        ],
        "29.a.avg_train_loss": [
            0.3064176599184672,
            0.2938778430223465
        ],
        "29.a.average_valid_loss": [
            0.5349766910076141,
            0.5219898447394371
        ],
        "30.a.avg_train_loss": [
            0.2983202666044235,
            0.30289113620917,
            0.2796606918176015
        ],
        "30.a.average_valid_loss": [
            0.5472255162894726,
            0.5266904644668102,
            0.5360905937850475
        ],
        "31.a.avg_train_loss": [
            0.30280212461948397,
            0.29335719148317974
        ],
        "31.a.average_valid_loss": [
            0.5363042429089546,
            0.5305313654243946
        ],
        "32.a.avg_train_loss": [
            0.2905150612195333,
            0.28365530967712405
        ],
        "32.a.average_valid_loss": [
            0.5334627479314804,
            0.5503376200795174
        ],
        "33.a.avg_train_loss": [
            0.2874119857947032,
            0.2820876826842626
        ],
        "33.a.average_valid_loss": [
            0.5522042438387871,
            0.5664009004831314
        ],
        "34.a.avg_train_loss": [
            0.28600567281246186,
            0.27229796946048734
        ],
        "34.a.average_valid_loss": [
            0.5663254670798779,
            0.5521605536341667
        ],
        "35.a.avg_train_loss": [
            0.2918183336655299,
            0.27067872881889343
        ],
        "35.a.average_valid_loss": [
            0.5557310581207275,
            0.544489074498415
        ],