{
    "NAME": "kaggle-nlp-disasters-rnn",
    "MEMO": "/home/ubuntu/.flor/kaggle-nlp-disasters-rnn/2022-02-02T02:23:52.json",
    "KVS": {
        "1.a.avg_train_loss": [
            0.69409685532252,
            0.6882819135983785
        ],
        "1.a.average_valid_loss": [
            0.6783937513828278,
            0.6793159022927284
        ],
        "2.a.avg_train_loss": [
            0.6765592734018961,
            0.6877843618392945
        ],
        "2.a.average_valid_loss": [
            0.6760688424110413,
            0.6752537712454796
        ],
        "3.a.avg_train_loss": [
            0.6683705965677897,
            0.6898730715115865
        ],
        "3.a.average_valid_loss": [
            0.6710986196994781,
            0.6688961759209633
        ],
        "4.a.avg_train_loss": [
            0.6649197379748026,
            0.6841718037923177
        ],
        "4.a.average_valid_loss": [
            0.662378303706646,
            0.6608692929148674
        ],
        "5.a.avg_train_loss": [
            0.661329968770345,
            0.6765880028406779
        ],
        "5.a.average_valid_loss": [
            0.653282031416893,
            0.6443294659256935
        ],
        "6.a.avg_train_loss": [
            0.6444387912750245,
            0.6467412352561951
        ],
        "6.a.average_valid_loss": [
            0.6286665797233582,
            0.5982505977153778
        ],
        "7.a.avg_train_loss": [
            0.6295172254244487,
            0.6283514102300009
        ],
        "7.a.average_valid_loss": [
            0.5918688476085663,
            0.5791236311197281
        ],
        "8.a.avg_train_loss": [
            0.5930962959925333,
            0.5922636946042379
        ],
        "8.a.average_valid_loss": [
            0.5390434116125107,
            0.5517589673399925
        ],
        "9.a.avg_train_loss": [
            0.5781748215357463,
            0.562600064277649
        ],
        "9.a.average_valid_loss": [
            0.5326472893357277,
            0.5036782138049603
        ],
        "10.a.avg_train_loss": [
            0.5547356327374776,
            0.5425244788328807
        ],
        "10.a.average_valid_loss": [
            0.5145796500146389,
            0.4839521199464798
        ],
        "11.a.avg_train_loss": [
            0.5427940567334493,
            0.5016203900178273
        ],
        "11.a.average_valid_loss": [
            0.49383486062288284,
            0.46644851192831993
        ],
        "12.a.avg_train_loss": [
            0.5309040606021881,
            0.5007274925708771
        ],
        "12.a.average_valid_loss": [
            0.4956914335489273,
            0.480868823826313
        ],
        "13.a.avg_train_loss": [
            0.5294236063957214,
            0.504500013589859
        ],
        "13.a.average_valid_loss": [
            0.47889840230345726,
            0.4763532318174839
        ],
        "14.a.avg_train_loss": [
            0.5302433391412099,
            0.4894537071386973
        ],
        "14.a.average_valid_loss": [
            0.4805758632719517,
            0.4688348062336445
        ],
        "15.a.avg_train_loss": [
            0.5053679049015045,
            0.4793760438760122,
            0.4945904016494751
        ],
        "15.a.average_valid_loss": [
            0.47099732607603073,
            0.4689384251832962,
            0.46394068375229836
        ],
        "16.a.avg_train_loss": [
            0.4702509542306264,
            0.47687684893608095
        ],
        "16.a.average_valid_loss": [
            0.46635980159044266,
            0.4621562063694
        ],
        "17.a.avg_train_loss": [
            0.46072824994723,
            0.4674906571706136
        ],
        "17.a.average_valid_loss": [
            0.4695241041481495,
            0.462849173694849
        ],
        "18.a.avg_train_loss": [
            0.4538783609867096,
            0.451903627316157
        ],
        "18.a.average_valid_loss": [
            0.472090233117342,
            0.46896976232528687
        ],
        "19.a.avg_train_loss": [
            0.4510999043782552,
            0.4511994520823161
        ],
        "19.a.average_valid_loss": [
            0.4726821556687355,
            0.4802222289144993
        ],
        "20.a.avg_train_loss": [
            0.46026649077733356,
            0.43865058024724324
        ],
        "20.a.average_valid_loss": [
            0.4753314480185509,
            0.5020532980561256
        ],
        "21.a.avg_train_loss": [
            0.458378005027771,
            0.4476422746976217
        ],
        "21.a.average_valid_loss": [
            0.4647425301373005,
            0.47167993709445
        ],
        "22.a.avg_train_loss": [
            0.4540476401646932,
            0.4472991188367208
        ],
        "22.a.average_valid_loss": [
            0.48903148621320724,
            0.4809802249073982
        ],
        "23.a.avg_train_loss": [
            0.4465537369251251,
            0.42153219183286034
        ],
        "23.a.average_valid_loss": [
            0.47648025676608086,
            0.4733043871819973
        ],
        "24.a.avg_train_loss": [
            0.4284147600332896,
            0.42553680539131167
        ],
        "24.a.average_valid_loss": [
            0.48136013373732567,
            0.46906302869319916
        ],
        "25.a.avg_train_loss": [
            0.4255220631758372,
            0.4206396996974945
        ],
        "25.a.average_valid_loss": [
            0.48728396743535995,
            0.4968992844223976
        ],
        "26.a.avg_train_loss": [
            0.428283816576004,
            0.42038984696070353
        ],
        "26.a.average_valid_loss": [
            0.48220453783869743,
            0.48932673409581184
        ],
        "27.a.avg_train_loss": [
            0.41842228174209595,
            0.41345213651657103
        ],
        "27.a.average_valid_loss": [
            0.4984220825135708,
            0.4764119163155556
        ],
        "28.a.avg_train_loss": [
            0.41952288150787354,
            0.42024629314740497
        ],
        "28.a.average_valid_loss": [
            0.4939950183033943,
            0.4807087108492851
        ],
        "29.a.avg_train_loss": [
            0.4289954900741577,
            0.40093059341112774
        ],
        "29.a.average_valid_loss": [
            0.5251123234629631,
            0.48929566517472267
        ],
        "30.a.avg_train_loss": [
            0.4069613436857859,
            0.39250412583351135,
            0.41408708890279133
        ],
        "30.a.average_valid_loss": [
            0.49436571821570396,
            0.5122377462685108,
            0.5396681390702724
        ],
        "31.a.avg_train_loss": [
            0.39222526947657266,
            0.3980900247891744
        ],
        "31.a.average_valid_loss": [
            0.532390046864748,
            0.49520890042185783
        ],
        "32.a.avg_train_loss": [
            0.40314361453056335,
            0.42626203497250875
        ],
        "32.a.average_valid_loss": [
            0.5163764581084251,
            0.5355566069483757
        ],
        "33.a.avg_train_loss": [
            0.40362024505933125,
            0.4066092153390249
        ],
        "33.a.average_valid_loss": [
            0.49375567212700844,
            0.5244490653276443
        ],
        "34.a.avg_train_loss": [
            0.40432634552319846,
            0.38993674516677856
        ],
        "34.a.average_valid_loss": [
            0.49619507044553757,
            0.5202219635248184
        ],
        "35.a.avg_train_loss": [
            0.39259864687919616,
            0.3898554186026255
        ],
        "35.a.average_valid_loss": [
            0.5125744193792343,
            0.550584115087986
        ],