{
    "NAME": "kaggle-nlp-disasters-rnn",
    "MEMO": "/home/ubuntu/.flor/kaggle-nlp-disasters-rnn/2022-02-02T02:19:10.json",
    "KVS": {
        "1.a.avg_train_loss": [
            0.6945061365763346,
            0.6654682437578837
        ],
        "1.a.average_valid_loss": [
            0.6671970561146736,
            0.6412529274821281
        ],
        "2.a.avg_train_loss": [
            0.635378646850586,
            0.6159565925598145
        ],
        "2.a.average_valid_loss": [
            0.6302415877580643,
            0.5851073488593102
        ],
        "3.a.avg_train_loss": [
            0.533664345741272,
            0.5399902443091075
        ],
        "3.a.average_valid_loss": [
            0.5564526841044426,
            0.5284861661493778
        ],
        "4.a.avg_train_loss": [
            0.466045747200648,
            0.4718631108601888
        ],
        "4.a.average_valid_loss": [
            0.5143719464540482,
            0.5009609460830688
        ],
        "5.a.avg_train_loss": [
            0.4279793262481689,
            0.4242910146713257
        ],
        "5.a.average_valid_loss": [
            0.5002076663076878,
            0.49610237404704094
        ],
        "6.a.avg_train_loss": [
            0.38751582900683085,
            0.39576935172080996
        ],
        "6.a.average_valid_loss": [
            0.5028138048946857,
            0.48536228761076927
        ],
        "7.a.avg_train_loss": [
            0.3690146028995514,
            0.35830893913904827
        ],
        "7.a.average_valid_loss": [
            0.49939923733472824,
            0.4836425967514515
        ],
        "8.a.avg_train_loss": [
            0.35227073431015016,
            0.36047369639078775
        ],
        "8.a.average_valid_loss": [
            0.5165197998285294,
            0.48598386719822884
        ],
        "9.a.avg_train_loss": [
            0.3432832737763723,
            0.345310785373052
        ],
        "9.a.average_valid_loss": [
            0.5653000250458717,
            0.5161023400723934
        ],
        "10.a.avg_train_loss": [
            0.3376969754695892,
            0.33467013637224835
        ],
        "10.a.average_valid_loss": [
            0.5515027344226837,
            0.5008784793317318
        ],
        "11.a.avg_train_loss": [
            0.3352888921896617,
            0.29068314731121064
        ],
        "11.a.average_valid_loss": [
            0.4916778430342674,
            0.5323557145893574
        ],
        "12.a.avg_train_loss": [
            0.28510318994522094,
            0.275386576851209
        ],
        "12.a.average_valid_loss": [
            0.5377559028565884,
            0.5428965501487255
        ],
        "13.a.avg_train_loss": [
            0.2730820228656133,
            0.2523873825867971
        ],
        "13.a.average_valid_loss": [
            0.5423972979187965,
            0.558082327246666
        ],
        "14.a.avg_train_loss": [
            0.24833511412143708,
            0.22677606244881948
        ],
        "14.a.average_valid_loss": [
            0.577888585627079,
            0.5814905576407909
        ],
        "15.a.avg_train_loss": [
            0.22879407008488972,
            0.23230906327565512,
            0.22011253734429678
        ],
        "15.a.average_valid_loss": [
            0.592551626265049,
            0.6024581491947174,
            0.6024599447846413
        ],
        "16.a.avg_train_loss": [
            0.21428108513355254,
            0.20761363903681437
        ],
        "16.a.average_valid_loss": [
            0.6275999993085861,
            0.6269428059458733
        ],
        "17.a.avg_train_loss": [
            0.20128162801265717,
            0.19660876592000326
        ],
        "17.a.average_valid_loss": [
            0.6602770984172821,
            0.6299649849534035
        ],
        "18.a.avg_train_loss": [
            0.19780086974302927,
            0.2180218537648519
        ],
        "18.a.average_valid_loss": [
            0.6813941597938538,
            0.6266311146318913
        ],
        "19.a.avg_train_loss": [
            0.22435504893461863,
            0.204941858847936
        ],
        "19.a.average_valid_loss": [
            0.6068588010966778,
            0.6441606283187866
        ],
        "20.a.avg_train_loss": [
            0.21524964968363444,
            0.18774762998024622
        ],
        "20.a.average_valid_loss": [
            0.714395672082901,
            0.7082797959446907
        ],
        "21.a.avg_train_loss": [
            0.19357829789320627,
            0.17485376546780268
        ],
        "21.a.average_valid_loss": [
            0.6856339424848557,
            0.6900778040289879
        ],
        "22.a.avg_train_loss": [
            0.18399336238702138,
            0.16981416245301564
        ],
        "22.a.average_valid_loss": [
            0.7106962278485298,
            0.6943180710077286
        ],
        "23.a.avg_train_loss": [
            0.17862717459599178,
            0.16187609483798346
        ],
        "23.a.average_valid_loss": [
            0.6980325356125832,
            0.7469505742192268
        ],
        "24.a.avg_train_loss": [
            0.17863586743672688,
            0.1707407092054685
        ],
        "24.a.average_valid_loss": [
            0.7473598048090935,
            0.7201372906565666
        ],
        "25.a.avg_train_loss": [
            0.16732175896565119,
            0.15103304435809453
        ],
        "25.a.average_valid_loss": [
            0.7546848729252815,
            0.7407522425055504
        ],
        "26.a.avg_train_loss": [
            0.15519508272409438,
            0.14012035330136616
        ],
        "26.a.average_valid_loss": [
            0.8230405896902084,
            0.8118407279253006
        ],
        "27.a.avg_train_loss": [
            0.14472398658593497,
            0.12967890053987502
        ],
        "27.a.average_valid_loss": [
            0.7836484760046005,
            0.8291169181466103
        ],
        "28.a.avg_train_loss": [
            0.12995536327362062,
            0.12082399825255076
        ],
        "28.a.average_valid_loss": [
            0.808702290058136,
            0.8918051272630692
        ],
        "29.a.avg_train_loss": [
            0.12757657219966254,
            0.12480427374442418
        ],
        "29.a.average_valid_loss": [
            0.8319851160049438,
            0.8622585907578468
        ],
        "30.a.avg_train_loss": [
            0.11874003807703654,
            0.11583998848994573,
            0.10488330920537313
        ],
        "30.a.average_valid_loss": [
            0.909992977976799,
            0.8800750970840454,
            0.914090946316719
        ],
        "31.a.avg_train_loss": [
            0.11155713697274526,
            0.09736179982622464
        ],
        "31.a.average_valid_loss": [
            0.9139188677072525,
            0.9262925684452057
        ],
        "32.a.avg_train_loss": [
            0.11014627739787101,
            0.10019160310427348
        ],
        "32.a.average_valid_loss": [
            0.9922908768057823,
            0.8843826279044151
        ],
        "33.a.avg_train_loss": [
            0.12274088611205419,
            0.1081628402074178
        ],
        "33.a.average_valid_loss": [
            0.9391038864850998,
            0.967689648270607
        ],
        "34.a.avg_train_loss": [
            0.10914815713961919,
            0.10275499572356542
        ],
        "34.a.average_valid_loss": [
            0.9633349403738976,
            0.9875737130641937
        ],
        "35.a.avg_train_loss": [
            0.11541778196891149,
            0.1003576897084713
        ],
        "35.a.average_valid_loss": [
            0.9700194448232651,
            0.9822051972150803
        ],