{
    "NAME": "kaggle-nlp-disasters-rnn",
    "MEMO": "/home/codespace/.flor/kaggle-nlp-disasters-rnn/2022-02-02T00:10:56.json",
    "KVS": {
        "1.a.avg_train_loss": [
            0.6979175329208374,
            0.6920809586842854
        ],
        "1.a.average_valid_loss": [
            0.6899653151631355,
            0.6857323497533798
        ],
        "2.a.avg_train_loss": [
            0.6849976817766825,
            0.686246657371521
        ],
        "2.a.average_valid_loss": [
            0.6795906126499176,
            0.6757211908698082
        ],
        "3.a.avg_train_loss": [
            0.6714810808499654,
            0.6793643633524576
        ],
        "3.a.average_valid_loss": [
            0.6693044379353523,
            0.6646284088492393
        ],
        "4.a.avg_train_loss": [
            0.6578541398048401,
            0.6660155216852824
        ],
        "4.a.average_valid_loss": [
            0.6567745804786682,
            0.6510505676269531
        ],
        "5.a.avg_train_loss": [
            0.6424695134162903,
            0.6525312304496765
        ],
        "5.a.average_valid_loss": [
            0.6415881440043449,
            0.6349650993943214
        ],
        "6.a.avg_train_loss": [
            0.623158339659373,
            0.6285307844479878
        ],
        "6.a.average_valid_loss": [
            0.6251805871725082,
            0.6141794621944427
        ],
        "7.a.avg_train_loss": [
            0.6034550388654073,
            0.5999094287554423
        ],
        "7.a.average_valid_loss": [
            0.6038678884506226,
            0.5956017300486565
        ],
        "8.a.avg_train_loss": [
            0.5816669940948487,
            0.5698498646418254
        ],
        "8.a.average_valid_loss": [
            0.5851825997233391,
            0.5806567743420601
        ],
        "9.a.avg_train_loss": [
            0.5645290374755859,
            0.5469711701075236
        ],
        "9.a.average_valid_loss": [
            0.5699960887432098,
            0.5659786611795425
        ],
        "10.a.avg_train_loss": [
            0.5365401307741801,
            0.522517877817154
        ],
        "10.a.average_valid_loss": [
            0.5577941313385963,
            0.5546530969440937
        ],
        "11.a.avg_train_loss": [
            0.5279678205649058,
            0.5095509310563405
        ],
        "11.a.average_valid_loss": [
            0.5493710115551949,
            0.54267343506217
        ],
        "12.a.avg_train_loss": [
            0.5047057847181956,
            0.48567319512367246
        ],
        "12.a.average_valid_loss": [
            0.5429363213479519,
            0.5369467660784721
        ],
        "13.a.avg_train_loss": [
            0.4889808277289073,
            0.48147037625312805
        ],
        "13.a.average_valid_loss": [
            0.5396847799420357,
            0.5303135067224503
        ],
        "14.a.avg_train_loss": [
            0.4747471590836843,
            0.4589493334293365
        ],
        "14.a.average_valid_loss": [
            0.5316682308912277,
            0.5301468409597874
        ],
        "15.a.avg_train_loss": [
            0.45989266633987425,
            0.45093539357185364,
            0.4481869419415792
        ],
        "15.a.average_valid_loss": [
            0.5259562730789185,
            0.5298817902803421,
            0.5260121710598469
        ],
        "16.a.avg_train_loss": [
            0.4423597852389018,
            0.43866446216901145
        ],
        "16.a.average_valid_loss": [
            0.5268849581480026,
            0.5289210490882397
        ],
        "17.a.avg_train_loss": [
            0.42252331773440044,
            0.42779677112897235
        ],
        "17.a.average_valid_loss": [
            0.5219138748943806,
            0.5333517007529736
        ],
        "18.a.avg_train_loss": [
            0.40831272204717,
            0.4185505390167236
        ],
        "18.a.average_valid_loss": [
            0.5265422165393829,
            0.5308573246002197
        ],
        "19.a.avg_train_loss": [
            0.41518787741661073,
            0.4036896566549937
        ],
        "19.a.average_valid_loss": [
            0.5160504579544067,
            0.5240002647042274
        ],
        "20.a.avg_train_loss": [
            0.40547380248705545,
            0.3915470004081726
        ],
        "20.a.average_valid_loss": [
            0.5186450369656086,
            0.5210548751056194
        ]
    }
}