{
    "NAME": "kaggle-nlp-disasters-rnn",
    "MEMO": "/home/ubuntu/.flor/kaggle-nlp-disasters-rnn/2022-02-02T02:23:16.json",
    "KVS": {
        "1.a.avg_train_loss": [
            0.6884282231330872,
            0.6878555218378702
        ],
        "1.a.average_valid_loss": [
            0.6754350662231445,
            0.6768223270773888
        ],
        "2.a.avg_train_loss": [
            0.673728632926941,
            0.6838958422342937
        ],
        "2.a.average_valid_loss": [
            0.6686900779604912,
            0.6649641618132591
        ],
        "3.a.avg_train_loss": [
            0.661569877465566,
            0.6681717912356059
        ],
        "3.a.average_valid_loss": [
            0.6549859195947647,
            0.6445576399564743
        ],
        "4.a.avg_train_loss": [
            0.625355871518453,
            0.6293467521667481
        ],
        "4.a.average_valid_loss": [
            0.6171866729855537,
            0.5874433368444443
        ],
        "5.a.avg_train_loss": [
            0.591267466545105,
            0.5914031783739726
        ],
        "5.a.average_valid_loss": [
            0.5690995454788208,
            0.5480075180530548
        ],
        "6.a.avg_train_loss": [
            0.5427514096101125,
            0.5291516184806824
        ],
        "6.a.average_valid_loss": [
            0.5189806595444679,
            0.5103901661932468
        ],
        "7.a.avg_train_loss": [
            0.5241316278775533,
            0.499954346815745
        ],
        "7.a.average_valid_loss": [
            0.510160531848669,
            0.4892815425992012
        ],
        "8.a.avg_train_loss": [
            0.5042874117692312,
            0.48088192542394004
        ],
        "8.a.average_valid_loss": [
            0.4951558858156204,
            0.479546707123518
        ],
        "9.a.avg_train_loss": [
            0.4861362675825755,
            0.449183052778244
        ],
        "9.a.average_valid_loss": [
            0.4796410873532295,
            0.4861692450940609
        ],
        "10.a.avg_train_loss": [
            0.46273742119471234,
            0.4511590898036957
        ],
        "10.a.average_valid_loss": [
            0.47713980451226234,
            0.5141690410673618
        ],
        "11.a.avg_train_loss": [
            0.46226399540901186,
            0.41913326382637023
        ],
        "11.a.average_valid_loss": [
            0.46745992079377174,
            0.49224070087075233
        ],
        "12.a.avg_train_loss": [
            0.42715418140093486,
            0.40239253640174866
        ],
        "12.a.average_valid_loss": [
            0.4996546246111393,
            0.50818682461977
        ],
        "13.a.avg_train_loss": [
            0.4164917310078939,
            0.3942277709643046
        ],
        "13.a.average_valid_loss": [
            0.47924089804291725,
            0.5017663352191448
        ],
        "14.a.avg_train_loss": [
            0.4250045617421468,
            0.41153898239135744
        ],
        "14.a.average_valid_loss": [
            0.473068930208683,
            0.48327166959643364
        ],
        "15.a.avg_train_loss": [
            0.4086656967798869,
            0.3756992201010386,
            0.37975604136784874
        ],
        "15.a.average_valid_loss": [
            0.5151935555040836,
            0.4988803081214428,
            0.5068557076156139
        ],
        "16.a.avg_train_loss": [
            0.36316856543223064,
            0.35204689105351766
        ],
        "16.a.average_valid_loss": [
            0.5167423859238625,
            0.5158795341849327
        ],
        "17.a.avg_train_loss": [
            0.37091155449549357,
            0.3521879196166992
        ],
        "17.a.average_valid_loss": [
            0.5267302058637142,
            0.5292045325040817
        ],
        "18.a.avg_train_loss": [
            0.3611678103605906,
            0.33937801520029703
        ],
        "18.a.average_valid_loss": [
            0.506163876503706,
            0.5685245767235756
        ],
        "19.a.avg_train_loss": [
            0.3658737063407898,
            0.34794731537501017
        ],
        "19.a.average_valid_loss": [
            0.5117663070559502,
            0.6546716839075089
        ],
        "20.a.avg_train_loss": [
            0.3631292740503947,
            0.3430588404337565
        ],
        "20.a.average_valid_loss": [
            0.5783288739621639,
            0.5601100884377956
        ],
        "21.a.avg_train_loss": [
            0.35575408339500425,
            0.31964930494626365
        ],
        "21.a.average_valid_loss": [
            0.543326124548912,
            0.6103550456464291
        ],
        "22.a.avg_train_loss": [
            0.3584175447622935,
            0.3198964794476827
        ],
        "22.a.average_valid_loss": [
            0.5653952993452549,
            0.6198199614882469
        ],
        "23.a.avg_train_loss": [
            0.32537733713785805,
            0.3194001535574595
        ],
        "23.a.average_valid_loss": [
            0.5586869232356548,
            0.6374732740223408
        ],
        "24.a.avg_train_loss": [
            0.3271835168202718,
            0.30425577064355214
        ],
        "24.a.average_valid_loss": [
            0.5730186104774475,
            0.652664415538311
        ],
        "25.a.avg_train_loss": [
            0.32678688963254293,
            0.32987120747566223
        ],
        "25.a.average_valid_loss": [
            0.6148283295333385,
            0.607564277946949
        ],
        "26.a.avg_train_loss": [
            0.3167100727558136,
            0.2983288526535034
        ],
        "26.a.average_valid_loss": [
            0.6162272840738297,
            0.6203964352607727
        ],
        "27.a.avg_train_loss": [
            0.30592620372772217,
            0.28897374371687573
        ],
        "27.a.average_valid_loss": [
            0.7127652317285538,
            0.5710940361022949
        ],
        "28.a.avg_train_loss": [
            0.2987073043982188,
            0.31297764281431834
        ],
        "28.a.average_valid_loss": [
            0.7277426496148109,
            0.6470486596226692
        ],
        "29.a.avg_train_loss": [
            0.308051468928655,
            0.3048434505860011
        ],
        "29.a.average_valid_loss": [
            0.7521324977278709,
            0.5667839348316193
        ],
        "30.a.avg_train_loss": [
            0.3260292490323385,
            0.29941329260667165,
            0.3012149145205816
        ],
        "30.a.average_valid_loss": [
            0.696821965277195,
            0.6367409527301788,
            0.6586317792534828
        ],
        "31.a.avg_train_loss": [
            0.30530450741449994,
            0.319198473294576
        ],
        "31.a.average_valid_loss": [
            0.621060885488987,
            0.8112735524773598
        ],
        "32.a.avg_train_loss": [
            0.28297985792160035,
            0.297989954551061
        ],
        "32.a.average_valid_loss": [
            0.6706260964274406,
            0.807584598660469
        ],
        "33.a.avg_train_loss": [
            0.29808481931686404,
            0.30568130711714425
        ],
        "33.a.average_valid_loss": [
            0.6783838793635368,
            0.6841961368918419
        ],
        "34.a.avg_train_loss": [
            0.3413231422503789,
            0.2982232968012492
        ],
        "34.a.average_valid_loss": [
            0.7048578187823296,
            0.6974566653370857
        ],
        "35.a.avg_train_loss": [
            0.28741275370121,
            0.3007326533397039
        ],
        "35.a.average_valid_loss": [
            0.7194659039378166,
            0.6565428227186203
        ],
        "36.a.avg_train_loss": [
            0.3039795140425364,
            0.28630092442035676
        ],