{
    "NAME": "kaggle-nlp-disasters-rnn",
    "MEMO": "/home/ubuntu/.flor/kaggle-nlp-disasters-rnn/2022-02-02T02:16:17.json",
    "KVS": {
        "1.a.avg_train_loss": [
            0.7024250467618306,
            0.6886693040529887
        ],
        "1.a.average_valid_loss": [
            0.6933763176202774,
            0.6869587376713753
        ],
        "2.a.avg_train_loss": [
            0.6850784659385681,
            0.6828896085421244
        ],
        "2.a.average_valid_loss": [
            0.6794241145253181,
            0.6757171973586082
        ],
        "3.a.avg_train_loss": [
            0.6733309944470723,
            0.6834901293118795
        ],
        "3.a.average_valid_loss": [
            0.6707361340522766,
            0.6687202081084251
        ],
        "4.a.avg_train_loss": [
            0.6634931524594625,
            0.6722273270289103
        ],
        "4.a.average_valid_loss": [
            0.665053516626358,
            0.6627551168203354
        ],
        "5.a.avg_train_loss": [
            0.6603010813395183,
            0.6695948441823324
        ],
        "5.a.average_valid_loss": [
            0.6589861735701561,
            0.656280480325222
        ],
        "6.a.avg_train_loss": [
            0.6542945941289265,
            0.6636623938878378
        ],
        "6.a.average_valid_loss": [
            0.6526933535933495,
            0.6496838629245758
        ],
        "7.a.avg_train_loss": [
            0.6438248515129089,
            0.6623123526573181
        ],
        "7.a.average_valid_loss": [
            0.6452146917581558,
            0.6412667334079742
        ],
        "8.a.avg_train_loss": [
            0.629175329208374,
            0.6464878400166829
        ],
        "8.a.average_valid_loss": [
            0.6346573308110237,
            0.6294696480035782
        ],
        "9.a.avg_train_loss": [
            0.623037056128184,
            0.6295119007428487
        ],
        "9.a.average_valid_loss": [
            0.6232647523283958,
            0.615725614130497
        ],
        "10.a.avg_train_loss": [
            0.6157996614774068,
            0.6101691802342732
        ],
        "10.a.average_valid_loss": [
            0.6148326843976974,
            0.6057911887764931
        ],
        "11.a.avg_train_loss": [
            0.6049491087595622,
            0.5983511328697204
        ],
        "11.a.average_valid_loss": [
            0.6076637208461761,
            0.5964046642184258
        ],
        "12.a.avg_train_loss": [
            0.5946788390477499,
            0.5835110346476237
        ],
        "12.a.average_valid_loss": [
            0.5954498127102852,
            0.5849730893969536
        ],
        "13.a.avg_train_loss": [
            0.5734561483065287,
            0.5639506876468658
        ],
        "13.a.average_valid_loss": [
            0.5847298055887222,
            0.5745569467544556
        ],
        "14.a.avg_train_loss": [
            0.5556343873341878,
            0.548262220621109
        ],
        "14.a.average_valid_loss": [
            0.5726338848471642,
            0.565255381166935
        ],
        "15.a.avg_train_loss": [
            0.5418151100476583,
            0.5346782207489014,
            0.5330646932125092
        ],
        "15.a.average_valid_loss": [
            0.5636772662401199,
            0.5576623156666756,
            0.5580646321177483
        ],
        "16.a.avg_train_loss": [
            0.5237951834996541,
            0.5151930987834931
        ],
        "16.a.average_valid_loss": [
            0.5512373000383377,
            0.5535851120948792
        ],
        "17.a.avg_train_loss": [
            0.49751952091852825,
            0.5153803626696268
        ],
        "17.a.average_valid_loss": [
            0.546181358397007,
            0.5485084913671017
        ],
        "18.a.avg_train_loss": [
            0.4939409732818604,
            0.49785770376523336
        ],
        "18.a.average_valid_loss": [
            0.5421595238149166,
            0.5432772599160671
        ],
        "19.a.avg_train_loss": [
            0.48913997213045757,
            0.48693824410438535
        ],
        "19.a.average_valid_loss": [
            0.5370870679616928,
            0.5404058881103992
        ],
        "20.a.avg_train_loss": [
            0.4827379584312439,
            0.47600470582644144
        ],
        "20.a.average_valid_loss": [
            0.5340868048369884,
            0.535654079169035
        ],
        "21.a.avg_train_loss": [
            0.47303388118743894,
            0.45680933594703677
        ],
        "21.a.average_valid_loss": [
            0.5318134464323521,
            0.5315455906093121
        ],
        "22.a.avg_train_loss": [
            0.4687407433986664,
            0.4522687872250875
        ],
        "22.a.average_valid_loss": [
            0.532662607729435,
            0.5298924967646599
        ],
        "23.a.avg_train_loss": [
            0.4550736963748932,
            0.44993675549825035
        ],
        "23.a.average_valid_loss": [
            0.5320600084960461,
            0.5270245149731636
        ],
        "24.a.avg_train_loss": [
            0.4516365766525269,
            0.4384453296661377
        ],
        "24.a.average_valid_loss": [
            0.5264580175280571,
            0.5262153148651123
        ],
        "25.a.avg_train_loss": [
            0.4524638334910075,
            0.4365018328030904
        ],
        "25.a.average_valid_loss": [
            0.5333008356392384,
            0.5237665101885796
        ],
        "26.a.avg_train_loss": [
            0.44422075947125755,
            0.42976258794466654
        ],
        "26.a.average_valid_loss": [
            0.5294036641716957,
            0.5247263573110104
        ],
        "27.a.avg_train_loss": [
            0.4347466766834259,
            0.4173771063486735
        ],
        "27.a.average_valid_loss": [
            0.5292397178709507,
            0.5259748846292496
        ],
        "28.a.avg_train_loss": [
            0.4214273889859517,
            0.42357235749562583
        ],
        "28.a.average_valid_loss": [
            0.5307470560073853,
            0.5235218182206154
        ],
        "29.a.avg_train_loss": [
            0.4166918436686198,
            0.41262070536613465
        ],
        "29.a.average_valid_loss": [
            0.5223335921764374,
            0.5236621759831905
        ],
        "30.a.avg_train_loss": [
            0.40669544140497843,
            0.40643918911616006,
            0.40092057585716245
        ],
        "30.a.average_valid_loss": [
            0.5226791389286518,
            0.5237917564809322,
            0.5224212184548378
        ],
        "31.a.avg_train_loss": [
            0.4016739666461945,
            0.4076411485671997
        ],
        "31.a.average_valid_loss": [
            0.5236833281815052,
            0.5212624482810497
        ],
        "32.a.avg_train_loss": [
            0.3891349196434021,
            0.3985518713792165
        ],
        "32.a.average_valid_loss": [
            0.5230718478560448,
            0.5220139846205711
        ],
        "33.a.avg_train_loss": [
            0.3913435916105906,
            0.3915505051612854
        ],
        "33.a.average_valid_loss": [
            0.5235162936151028,
            0.5215354189276695
        ],
        "34.a.avg_train_loss": [
            0.39432557423909503,
            0.383246789375941
        ],
        "34.a.average_valid_loss": [
            0.5238666161894798,
            0.5202210880815983
        ],
        "35.a.avg_train_loss": [
            0.39238150318463644,
            0.3754383464654287
        ],
        "35.a.average_valid_loss": [
            0.529709380120039,
            0.5252915322780609
        ],
        "36.a.avg_train_loss": [
            0.3896095812320709,
            0.36657021244366966
        ],