{
    "NAME": "kaggle-nlp-disasters-rnn",
    "MEMO": "/home/codespace/.flor/kaggle-nlp-disasters-rnn/2022-02-02T00:35:16.json",
    "KVS": {
        "1.a.avg_train_loss": [
            0.6950674692789713,
            0.6833477218945821
        ],
        "1.a.average_valid_loss": [
            0.6747717186808586,
            0.663823775947094
        ],
        "2.a.avg_train_loss": [
            0.6714380939801534,
            0.6821117798487345
        ],
        "2.a.average_valid_loss": [
            0.6502447128295898,
            0.6501230001449585
        ],
        "3.a.avg_train_loss": [
            0.6594710350036621,
            0.6785836895306905
        ],
        "3.a.average_valid_loss": [
            0.6409278735518456,
            0.646257221698761
        ],
        "4.a.avg_train_loss": [
            0.6491133411725362,
            0.6707440376281738
        ],
        "4.a.average_valid_loss": [
            0.6316921636462212,
            0.6355375349521637
        ],
        "5.a.avg_train_loss": [
            0.6467167139053345,
            0.6656825621922811
        ],
        "5.a.average_valid_loss": [
            0.6198005378246307,
            0.615774542093277
        ],
        "6.a.avg_train_loss": [
            0.6409263332684835,
            0.6601406892140707
        ],
        "6.a.average_valid_loss": [
            0.6134062111377716,
            0.6057228818535805
        ],
        "7.a.avg_train_loss": [
            0.6422654430071513,
            0.655567487080892
        ],
        "7.a.average_valid_loss": [
            0.6207731440663338,
            0.6066760346293449
        ],
        "8.a.avg_train_loss": [
            0.6358643571535746,
            0.6522021253903707
        ],
        "8.a.average_valid_loss": [
            0.6299393624067307,
            0.6088417991995811
        ],
        "9.a.avg_train_loss": [
            0.6294609665870666,
            0.6492359399795532
        ],
        "9.a.average_valid_loss": [
            0.6577627137303352,
            0.6431775540113449
        ],
        "10.a.avg_train_loss": [
            0.6352868000666301,
            0.6447955965995789
        ],
        "10.a.average_valid_loss": [
            0.6794429868459702,
            0.7490738183259964
        ],
        "11.a.avg_train_loss": [
            0.6308693687121073,
            0.6309254725774129
        ],
        "11.a.average_valid_loss": [
            0.8155732825398445,
            0.7985779717564583
        ],
        "12.a.avg_train_loss": [
            0.6337854345639546,
            0.6376566807428996
        ],
        "12.a.average_valid_loss": [
            0.8119149729609489,
            0.8053432479500771
        ],
        "13.a.avg_train_loss": [
            0.6259634733200073,
            0.6284221331278483
        ],
        "13.a.average_valid_loss": [
            0.7352794036269188,
            0.8066416382789612
        ],
        "14.a.avg_train_loss": [
            0.6158369700113933,
            0.6181837956110636
        ],
        "14.a.average_valid_loss": [
            0.7363474294543266,
            0.789386972784996
        ],
        "15.a.avg_train_loss": [
            0.6131226499875386,
            0.6190057953198751,
            0.6158827106157939
        ],
        "15.a.average_valid_loss": [
            0.7455096021294594,
            0.7886979505419731,
            0.7455864399671555
        ],
        "16.a.avg_train_loss": [
            0.6086460431416829,
            0.612671971321106
        ],
        "16.a.average_valid_loss": [
            0.7626402527093887,
            0.7239475399255753
        ],
        "17.a.avg_train_loss": [
            0.5950831095377604,
            0.6154258489608765
        ],
        "17.a.average_valid_loss": [
            0.7544747442007065,
            0.7093012258410454
        ],
        "18.a.avg_train_loss": [
            0.5907968719800313,
            0.5947881738344828
        ],
        "18.a.average_valid_loss": [
            0.721598856151104,
            0.716065876185894
        ],
        "19.a.avg_train_loss": [
            0.586283552646637,
            0.6131496508916219
        ],
        "19.a.average_valid_loss": [
            0.7477207332849503,
            0.6886734813451767
        ],
        "20.a.avg_train_loss": [
            0.5895510236422221,
            0.6051416556040446
        ],
        "20.a.average_valid_loss": [
            0.732945404946804,
            0.6889145150780678
        ]
    }
}