{
    "NAME": "kaggle-nlp-disasters-rnn",
    "MEMO": "/home/codespace/.flor/kaggle-nlp-disasters-rnn/2022-02-02T00:14:16.json",
    "KVS": {
        "1.a.avg_train_loss": [
            0.7010322093963623,
            0.6920727928479512
        ],
        "1.a.average_valid_loss": [
            0.691009171307087,
            0.6865065470337868
        ],
        "2.a.avg_train_loss": [
            0.6839981436729431,
            0.6837138136227926
        ],
        "2.a.average_valid_loss": [
            0.68011075258255,
            0.6761202737689018
        ],
        "3.a.avg_train_loss": [
            0.6727113167444865,
            0.6822480161984762
        ],
        "3.a.average_valid_loss": [
            0.6701518222689629,
            0.6665708646178246
        ],
        "4.a.avg_train_loss": [
            0.6672595183054606,
            0.6697761376698812
        ],
        "4.a.average_valid_loss": [
            0.6606946438550949,
            0.6564628556370735
        ],
        "5.a.avg_train_loss": [
            0.6504666248957316,
            0.6581220149993896
        ],
        "5.a.average_valid_loss": [
            0.6495730057358742,
            0.6435339376330376
        ],
        "6.a.avg_train_loss": [
            0.6364268740018209,
            0.6461728533109029
        ],
        "6.a.average_valid_loss": [
            0.6354670375585556,
            0.6284100785851479
        ],
        "7.a.avg_train_loss": [
            0.6178635478019714,
            0.6240707914034526
        ],
        "7.a.average_valid_loss": [
            0.6196849793195724,
            0.6108514070510864
        ],
        "8.a.avg_train_loss": [
            0.5973519643147787,
            0.6044308423995972
        ],
        "8.a.average_valid_loss": [
            0.6031459197402,
            0.5959872975945473
        ],
        "9.a.avg_train_loss": [
            0.5800919771194458,
            0.5839247504870096
        ],
        "9.a.average_valid_loss": [
            0.5926242768764496,
            0.5829973667860031
        ],
        "10.a.avg_train_loss": [
            0.5699700315793356,
            0.5604973912239075
        ],
        "10.a.average_valid_loss": [
            0.5746462047100067,
            0.5681156143546104
        ],
        "11.a.avg_train_loss": [
            0.555229389667511,
            0.5381790518760681
        ],
        "11.a.average_valid_loss": [
            0.560813844203949,
            0.5558746382594109
        ],
        "12.a.avg_train_loss": [
            0.5329181452592214,
            0.5199630657831827
        ],
        "12.a.average_valid_loss": [
            0.550944447517395,
            0.5470628067851067
        ],
        "13.a.avg_train_loss": [
            0.5262306074301402,
            0.5088473339875539
        ],
        "13.a.average_valid_loss": [
            0.5421065762639046,
            0.538414977490902
        ],
        "14.a.avg_train_loss": [
            0.5132620970408122,
            0.49477875232696533
        ],
        "14.a.average_valid_loss": [
            0.5375461205840111,
            0.5318120382726192
        ],
        "15.a.avg_train_loss": [
            0.5029616514841716,
            0.4807662526766459,
            0.4899621586004893
        ],
        "15.a.average_valid_loss": [
            0.5256574116647243,
            0.5241827368736267,
            0.5221830457448959
        ],
        "16.a.avg_train_loss": [
            0.47100167274475097,
            0.48271172245343524
        ],
        "16.a.average_valid_loss": [
            0.5237936601042747,
            0.517176479101181
        ],
        "17.a.avg_train_loss": [
            0.45582248965899147,
            0.47069880962371824
        ],
        "17.a.average_valid_loss": [
            0.514100469648838,
            0.5124961957335472
        ],
        "18.a.avg_train_loss": [
            0.44257520834604896,
            0.47208239833513893
        ],
        "18.a.average_valid_loss": [
            0.5131595805287361,
            0.5105599984526634
        ],
        "19.a.avg_train_loss": [
            0.4470504939556122,
            0.4497584084669749
        ],
        "19.a.average_valid_loss": [
            0.5066757537424564,
            0.5066229775547981
        ],
        "20.a.avg_train_loss": [
            0.4366842786471049,
            0.43504700263341267
        ],
        "20.a.average_valid_loss": [
            0.5030261129140854,
            0.5017974302172661
        ],
        "21.a.avg_train_loss": [
            0.43546355366706846,
            0.4408455491065979
        ],
        "21.a.average_valid_loss": [
            0.5032686926424503,
            0.5041972957551479
        ],
        "22.a.avg_train_loss": [
            0.42437381943066915,
            0.42822499871253966
        ],
        "22.a.average_valid_loss": [
            0.504909984767437,
            0.5024653561413288
        ],
        "23.a.avg_train_loss": [
            0.4138696829477946,
            0.4235538383324941
        ],
        "23.a.average_valid_loss": [
            0.49691371992230415,
            0.4985373690724373
        ],
        "24.a.avg_train_loss": [
            0.41086664199829104,
            0.41420910755793255
        ],
        "24.a.average_valid_loss": [
            0.5061167515814304,
            0.5037809833884239
        ],
        "25.a.avg_train_loss": [
            0.40236353874206543,
            0.39454274376233417
        ],
        "25.a.average_valid_loss": [
            0.5031221583485603,
            0.5081751346588135
        ],
        "26.a.avg_train_loss": [
            0.40408618648846945,
            0.3920570194721222
        ],
        "26.a.average_valid_loss": [
            0.5044200606644154,
            0.5076918639242649
        ],
        "27.a.avg_train_loss": [
            0.39807246724764506,
            0.3771817962328593
        ],
        "27.a.average_valid_loss": [
            0.5066855363547802,
            0.5066529661417007
        ],
        "28.a.avg_train_loss": [
            0.3965815583864848,
            0.36793187657992044
        ],
        "28.a.average_valid_loss": [
            0.508616216480732,
            0.5028071738779545
        ],
        "29.a.avg_train_loss": [
            0.38935464024543764,
            0.37072882056236267
        ],
        "29.a.average_valid_loss": [
            0.5017035081982613,
            0.5028128661215305
        ],
        "30.a.avg_train_loss": [
            0.3781043191750844,
            0.361588708559672,
            0.38033589323361716
        ],
        "30.a.average_valid_loss": [
            0.5098925456404686,
            0.5084701031446457,
            0.5093172900378704
        ],
        "31.a.avg_train_loss": [
            0.37494063973426817,
            0.37467474937438966
        ],
        "31.a.average_valid_loss": [
            0.5018738284707069,
            0.5018099248409271
        ],
        "32.a.avg_train_loss": [
            0.35651147564252217,
            0.3720480740070343
        ],
        "32.a.average_valid_loss": [
            0.5226375609636307,
            0.5045279674232006
        ],
        "33.a.avg_train_loss": [
            0.3519603192806244,
            0.3705351193745931
        ],
        "33.a.average_valid_loss": [
            0.5242273844778538,
            0.5098010860383511
        ],
        "34.a.avg_train_loss": [
            0.3538466433684031,
            0.36464797258377074
        ],
        "34.a.average_valid_loss": [
            0.5306859388947487,
            0.5099004097282887
        ],
        "35.a.avg_train_loss": [
            0.35316264430681865,
            0.3454649825890859
        ],
        "35.a.average_valid_loss": [
            0.543012410402298,
            0.5173127762973309
        ],