{
    "NAME": "kaggle-nlp-disasters-rnn",
    "MEMO": "/home/ubuntu/.flor/kaggle-nlp-disasters-rnn/2022-02-02T01:44:45.json",
    "KVS": {
        "1.a.avg_train_loss": [
            0.6945295731226603,
            0.6863298018773397
        ],
        "1.a.average_valid_loss": [
            0.6807058602571487,
            0.6725058108568192
        ],
        "2.a.avg_train_loss": [
            0.6755792419115703,
            0.681494148572286
        ],
        "2.a.average_valid_loss": [
            0.6626218855381012,
            0.6570045724511147
        ],
        "3.a.avg_train_loss": [
            0.6613107005755107,
            0.6831530570983887
        ],
        "3.a.average_valid_loss": [
            0.6484312787652016,
            0.647250235080719
        ],
        "4.a.avg_train_loss": [
            0.658324408531189,
            0.6770485401153564
        ],
        "4.a.average_valid_loss": [
            0.6401559188961983,
            0.6406953781843185
        ],
        "5.a.avg_train_loss": [
            0.651216987768809,
            0.6738366444905599
        ],
        "5.a.average_valid_loss": [
            0.6333059892058372,
            0.631817139685154
        ],
        "6.a.avg_train_loss": [
            0.6464818358421326,
            0.6710774302482605
        ],
        "6.a.average_valid_loss": [
            0.6265536770224571,
            0.6229955554008484
        ],
        "7.a.avg_train_loss": [
            0.6503141681353252,
            0.6622481346130371
        ],
        "7.a.average_valid_loss": [
            0.6280798390507698,
            0.6283871680498123
        ],
        "8.a.avg_train_loss": [
            0.6412218530972799,
            0.6605947732925415
        ],
        "8.a.average_valid_loss": [
            0.6649996116757393,
            0.6469627767801285
        ],
        "9.a.avg_train_loss": [
            0.6440818468729655,
            0.6604021350542705
        ],
        "9.a.average_valid_loss": [
            0.6816546246409416,
            0.6584226787090302
        ],
        "10.a.avg_train_loss": [
            0.6437585751215616,
            0.6522267897923787
        ],
        "10.a.average_valid_loss": [
            0.7375712469220161,
            0.7178918123245239
        ],
        "11.a.avg_train_loss": [
            0.6429394443829854,
            0.6528629461924235
        ],
        "11.a.average_valid_loss": [
            0.749616838991642,
            0.7703791037201881
        ],
        "12.a.avg_train_loss": [
            0.6401804208755493,
            0.6464728514353434
        ],
        "12.a.average_valid_loss": [
            0.7333777025341988,
            0.7842211797833443
        ],
        "13.a.avg_train_loss": [
            0.6354868014653524,
            0.6431922793388367
        ],
        "13.a.average_valid_loss": [
            0.7711171209812164,
            0.8023112490773201
        ],
        "14.a.avg_train_loss": [
            0.6322303811709086,
            0.6376853187878927
        ],
        "14.a.average_valid_loss": [
            0.7360746189951897,
            0.789561465382576
        ],
        "15.a.avg_train_loss": [
            0.6302959561347962,
            0.6328745007514953,
            0.6341713507970174
        ],
        "15.a.average_valid_loss": [
            0.7094765901565552,
            0.7704429924488068,
            0.689405657351017
        ],
        "16.a.avg_train_loss": [
            0.6207698504130046,
            0.6384390036265055
        ],
        "16.a.average_valid_loss": [
            0.754566065967083,
            0.6743033230304718
        ],
        "17.a.avg_train_loss": [
            0.6207596977551778,
            0.6329079866409302
        ],
        "17.a.average_valid_loss": [
            0.7178196683526039,
            0.6848666444420815
        ],
        "18.a.avg_train_loss": [
            0.6077619274457295,
            0.6344956636428833
        ],
        "18.a.average_valid_loss": [
            0.7339913472533226,
            0.6597159579396248
        ],
        "19.a.avg_train_loss": [
            0.5917572140693664,
            0.6367408076922099
        ],
        "19.a.average_valid_loss": [
            0.7240660712122917,
            0.6635997444391251
        ],
        "20.a.avg_train_loss": [
            0.6079833388328553,
            0.613279382387797
        ],
        "20.a.average_valid_loss": [
            0.6824758350849152,
            0.6617325618863106
        ],
        "21.a.avg_train_loss": [
            0.6094300826390584,
            0.6181981205940247
        ],
        "21.a.average_valid_loss": [
            0.7019797563552856,
            0.6395629048347473
        ],
        "22.a.avg_train_loss": [
            0.599129072825114,
            0.6146673281987508
        ],
        "22.a.average_valid_loss": [
            0.6852190941572189,
            0.6495021805167198
        ],
        "23.a.avg_train_loss": [
            0.6009308775266011,
            0.6151224613189697
        ],
        "23.a.average_valid_loss": [
            0.6767446920275688,
            0.6405024528503418
        ],
        "24.a.avg_train_loss": [
            0.5973369042078654,
            0.6117957393328349
        ],
        "24.a.average_valid_loss": [
            0.6456962153315544,
            0.6323672086000443
        ],
        "25.a.avg_train_loss": [
            0.5971141179402669,
            0.5953725775082906
        ],
        "25.a.average_valid_loss": [
            0.6430083736777306,
            0.6349706128239632
        ],
        "26.a.avg_train_loss": [
            0.5984808762868246,
            0.5998827536900838
        ],
        "26.a.average_valid_loss": [
            0.6349764317274094,
            0.6269328519701958
        ],
        "27.a.avg_train_loss": [
            0.5873109141985575,
            0.5885156075159709
        ],
        "27.a.average_valid_loss": [
            0.6297114491462708,
            0.6225198805332184
        ],
        "28.a.avg_train_loss": [
            0.5887126485506694,
            0.5861267526944478
        ],
        "28.a.average_valid_loss": [
            0.6341162845492363,
            0.6459212228655815
        ],
        "29.a.avg_train_loss": [
            0.5811749895413717,
            0.5955430706342061
        ],
        "29.a.average_valid_loss": [
            0.6429582312703133,
            0.6373415440320969
        ],
        "30.a.avg_train_loss": [
            0.5879230658213298,
            0.5958648840586345,
            0.5766096830368042
        ],
        "30.a.average_valid_loss": [
            0.6256258636713028,
            0.618432492017746,
            0.6110771000385284
        ],
        "31.a.avg_train_loss": [
            0.5862703959147135,
            0.5875383496284485
        ],
        "31.a.average_valid_loss": [
            0.6220715641975403,
            0.6279022917151451
        ],
        "32.a.avg_train_loss": [
            0.587323264280955,
            0.5947572231292725
        ],
        "32.a.average_valid_loss": [
            0.6340050846338272,
            0.6129802465438843
        ],
        "33.a.avg_train_loss": [
            0.5564004262288411,
            0.583127228418986
        ],
        "33.a.average_valid_loss": [
            0.6298732608556747,
            0.6257203221321106
        ],
        "34.a.avg_train_loss": [
            0.5633284211158752,
            0.5809217731157938
        ],
        "34.a.average_valid_loss": [
            0.6259491890668869,
            0.6113669127225876
        ],
        "35.a.avg_train_loss": [
            0.5676383892695109,
            0.5791388034820557
        ],
        "35.a.average_valid_loss": [
            0.62494807690382,
            0.6191463321447372
        ],
        "36.a.avg_train_loss": [
            0.5616579492886861,
            0.5692344983418782
        ],