{
    "NAME": "kaggle-nlp-disasters-rnn",
    "MEMO": "/home/codespace/.flor/kaggle-nlp-disasters-rnn/2022-02-01T23:50:45.json",
    "KVS": {
        "1.a.avg_train_loss": [
            0.6876938859621684,
            0.6743956923484802
        ],
        "1.a.average_valid_loss": [
            0.6689761132001877,
            0.6562420800328255
        ],
        "2.a.avg_train_loss": [
            0.644440750281016,
            0.6459072510401408
        ],
        "2.a.average_valid_loss": [
            0.636591948568821,
            0.6213668659329414
        ],
        "3.a.avg_train_loss": [
            0.6031990448633829,
            0.5898064136505127
        ],
        "3.a.average_valid_loss": [
            0.5963787287473679,
            0.5729407966136932
        ],
        "4.a.avg_train_loss": [
            0.5558120608329773,
            0.5279315054416657
        ],
        "4.a.average_valid_loss": [
            0.556139700114727,
            0.5425453633069992
        ],
        "5.a.avg_train_loss": [
            0.5117088516553243,
            0.4779535492261251
        ],
        "5.a.average_valid_loss": [
            0.5286622270941734,
            0.5188078172504902
        ],
        "6.a.avg_train_loss": [
            0.47672874530156456,
            0.43154924909273784
        ],
        "6.a.average_valid_loss": [
            0.5168985091149807,
            0.5042507275938988
        ],
        "7.a.avg_train_loss": [
            0.44156587521235147,
            0.39809666872024535
        ],
        "7.a.average_valid_loss": [
            0.514542642980814,
            0.5006160587072372
        ],
        "8.a.avg_train_loss": [
            0.3961283445358276,
            0.3705723464488983
        ],
        "8.a.average_valid_loss": [
            0.5213783867657185,
            0.5101612061262131
        ],
        "9.a.avg_train_loss": [
            0.37277302940686546,
            0.3315361261367798
        ],
        "9.a.average_valid_loss": [
            0.5126170627772808,
            0.5172795355319977
        ],
        "10.a.avg_train_loss": [
            0.35212600231170654,
            0.3311553140481313
        ],
        "10.a.average_valid_loss": [
            0.5460077300667763,
            0.5379765368998051
        ],
        "11.a.avg_train_loss": [
            0.34770219723383583,
            0.2926989714304606
        ],
        "11.a.average_valid_loss": [
            0.515199601650238,
            0.5126705914735794
        ],
        "12.a.avg_train_loss": [
            0.303817218542099,
            0.27071539858977
        ],
        "12.a.average_valid_loss": [
            0.5748131349682808,
            0.5435650646686554
        ],
        "13.a.avg_train_loss": [
            0.2691912631193797,
            0.2507448047399521
        ],
        "13.a.average_valid_loss": [
            0.6301304996013641,
            0.6080123521387577
        ],
        "14.a.avg_train_loss": [
            0.24303840498129528,
            0.23004129926363628
        ],
        "14.a.average_valid_loss": [
            0.6225491873919964,
            0.6804218515753746
        ],
        "15.a.avg_train_loss": [
            0.21140104432900747,
            0.22646439770857493,
            0.225539759794871
        ],
        "15.a.average_valid_loss": [
            0.6166724376380444,
            0.6160102337598801,
            0.6206366084516048
        ],
        "16.a.avg_train_loss": [
            0.25058361192544304,
            0.2626479963461558
        ],
        "16.a.average_valid_loss": [
            0.5740578845143318,
            0.5493009947240353
        ],
        "17.a.avg_train_loss": [
            0.26271225114663443,
            0.2317219207684199
        ],
        "17.a.average_valid_loss": [
            0.5884863138198853,
            0.577015083283186
        ],
        "18.a.avg_train_loss": [
            0.20919674436251323,
            0.18750573992729186
        ],
        "18.a.average_valid_loss": [
            0.6157674342393875,
            0.6533559560775757
        ],
        "19.a.avg_train_loss": [
            0.18981070419152576,
            0.16284682750701904
        ],
        "19.a.average_valid_loss": [
            0.6653475910425186,
            0.6682721748948097
        ],
        "20.a.avg_train_loss": [
            0.18059974014759064,
            0.14066049034396808
        ],
        "20.a.average_valid_loss": [
            0.7072487249970436,
            0.7272023558616638
        ]
    }
}