{
    "NAME": "kaggle-nlp-disasters-rnn",
    "MEMO": "/home/ubuntu/.flor/kaggle-nlp-disasters-rnn/2022-02-02T01:30:56.json",
    "KVS": {
        "1.a.avg_train_loss": [
            0.6953369776407877,
            0.6857346932093302
        ],
        "1.a.average_valid_loss": [
            0.6751736924052238,
            0.6671800091862679
        ],
        "2.a.avg_train_loss": [
            0.6739900469779968,
            0.6810763835906982
        ],
        "2.a.average_valid_loss": [
            0.6568653956055641,
            0.6525772735476494
        ],
        "3.a.avg_train_loss": [
            0.6599812785784404,
            0.6834306399027507
        ],
        "3.a.average_valid_loss": [
            0.6445048153400421,
            0.64316026866436
        ],
        "4.a.avg_train_loss": [
            0.6560308734575907,
            0.6719874858856201
        ],
        "4.a.average_valid_loss": [
            0.6372495740652084,
            0.6370571628212929
        ],
        "5.a.avg_train_loss": [
            0.6522251884142558,
            0.6748851895332336
        ],
        "5.a.average_valid_loss": [
            0.6299300193786621,
            0.627982959151268
        ],
        "6.a.avg_train_loss": [
            0.6454354206720988,
            0.6712240219116211
        ],
        "6.a.average_valid_loss": [
            0.6245213747024536,
            0.6214065924286842
        ],
        "7.a.avg_train_loss": [
            0.6482842167218527,
            0.6672939737637837
        ],
        "7.a.average_valid_loss": [
            0.6183303073048592,
            0.6151476576924324
        ],
        "8.a.avg_train_loss": [
            0.6420151670773824,
            0.6635127186775207
        ],
        "8.a.average_valid_loss": [
            0.6133420914411545,
            0.6073937192559242
        ],
        "9.a.avg_train_loss": [
            0.6461811820665996,
            0.6597069541613261
        ],
        "9.a.average_valid_loss": [
            0.612116664648056,
            0.6223785728216171
        ],
        "10.a.avg_train_loss": [
            0.6488995353380839,
            0.6524429798126221
        ],
        "10.a.average_valid_loss": [
            0.6490577608346939,
            0.6854546144604683
        ],
        "11.a.avg_train_loss": [
            0.6376696745554606,
            0.6529422481854756
        ],
        "11.a.average_valid_loss": [
            0.7417183965444565,
            0.7693396136164665
        ],
        "12.a.avg_train_loss": [
            0.6365776817003886,
            0.6471999963124593
        ],
        "12.a.average_valid_loss": [
            0.7609140276908875,
            0.822237566113472
        ],
        "13.a.avg_train_loss": [
            0.6406362930933635,
            0.6486666321754455
        ],
        "13.a.average_valid_loss": [
            0.7937704101204872,
            0.7903878167271614
        ],
        "14.a.avg_train_loss": [
            0.6336268782615662,
            0.6401813546816508
        ],
        "14.a.average_valid_loss": [
            0.7676472961902618,
            0.8035010024905205
        ],
        "15.a.avg_train_loss": [
            0.6295555710792542,
            0.6335534572601318,
            0.6324056148529053
        ],
        "15.a.average_valid_loss": [
            0.7442384287714958,
            0.853748120367527,
            0.7713300064206123
        ],
        "16.a.avg_train_loss": [
            0.6224176088968912,
            0.6341284434000651
        ],
        "16.a.average_valid_loss": [
            0.8361738175153732,
            0.7506033033132553
        ],
        "17.a.avg_train_loss": [
            0.6188001910845439,
            0.6376495997111002
        ],
        "17.a.average_valid_loss": [
            0.8293016254901886,
            0.7445280477404594
        ],
        "18.a.avg_train_loss": [
            0.6147514224052429,
            0.6372127652168273
        ],
        "18.a.average_valid_loss": [
            0.8370310142636299,
            0.720058761537075
        ],
        "19.a.avg_train_loss": [
            0.6175234754880269,
            0.6317660570144653
        ],
        "19.a.average_valid_loss": [
            0.7811638563871384,
            0.7075694650411606
        ],
        "20.a.avg_train_loss": [
            0.5971920092900594,
            0.6239210963249207
        ],
        "20.a.average_valid_loss": [
            0.7947761863470078,
            0.7444291114807129
        ],
        "21.a.avg_train_loss": [
            0.6131116628646851,
            0.6169308384259542
        ],
        "21.a.average_valid_loss": [
            0.8145656809210777,
            0.709968663752079
        ],
        "22.a.avg_train_loss": [
            0.6075572212537129,
            0.6170204679171244
        ],
        "22.a.average_valid_loss": [
            0.7532527670264244,
            0.692396841943264
        ],
        "23.a.avg_train_loss": [
            0.5974772175153097,
            0.604066797097524
        ],
        "23.a.average_valid_loss": [
            0.7831222414970398,
            0.7201651632785797
        ],
        "24.a.avg_train_loss": [
            0.6111933509508769,
            0.6099076588948568
        ],
        "24.a.average_valid_loss": [
            0.7557796165347099,
            0.6703899726271629
        ],
        "25.a.avg_train_loss": [
            0.6061746716499329,
            0.599831227461497
        ],
        "25.a.average_valid_loss": [
            0.6942368820309639,
            0.6969893872737885
        ],
        "26.a.avg_train_loss": [
            0.5869135141372681,
            0.5939240336418152
        ],
        "26.a.average_valid_loss": [
            0.7165069878101349,
            0.6713040843605995
        ],
        "27.a.avg_train_loss": [
            0.5975474317868551,
            0.592612640062968
        ],
        "27.a.average_valid_loss": [
            0.6698656603693962,
            0.6689371392130852
        ],
        "28.a.avg_train_loss": [
            0.5911146004994711,
            0.5892655730247498
        ],
        "28.a.average_valid_loss": [
            0.7096030935645103,
            0.7157027348876
        ],
        "29.a.avg_train_loss": [
            0.591619614760081,
            0.58505220413208
        ],
        "29.a.average_valid_loss": [
            0.6849362924695015,
            0.6815120056271553
        ],
        "30.a.avg_train_loss": [
            0.5832042853037517,
            0.5923893411954244,
            0.5860807816187541
        ],
        "30.a.average_valid_loss": [
            0.6766375005245209,
            0.6664547920227051,
            0.6385746449232101
        ],
        "31.a.avg_train_loss": [
            0.5830994804700216,
            0.5794152359167735
        ],
        "31.a.average_valid_loss": [
            0.6779282838106155,
            0.6717856004834175
        ],
        "32.a.avg_train_loss": [
            0.5651115298271179,
            0.5820539395014445
        ],
        "32.a.average_valid_loss": [
            0.695287436246872,
            0.6603195667266846
        ],
        "33.a.avg_train_loss": [
            0.5642052968343099,
            0.5853423635164897
        ],
        "33.a.average_valid_loss": [
            0.6699974909424782,
            0.651921235024929
        ],
        "34.a.avg_train_loss": [
            0.5659353613853455,
            0.5775326291720072
        ],
        "34.a.average_valid_loss": [
            0.6792499125003815,
            0.6650888025760651
        ],
        "35.a.avg_train_loss": [
            0.585345979531606,
            0.5695733149846395
        ],
        "35.a.average_valid_loss": [
            0.6645611822605133,
            0.641291506588459
        ],
        "36.a.avg_train_loss": [
            0.5690232853094737,
            0.5648660262425741
        ],