{
    "NAME": "kaggle-nlp-disasters-rnn",
    "MEMO": "/home/ec2-user/.flor/kaggle-nlp-disasters-rnn/2022-02-10T03:13:05.json",
    "KVS": {
        "1.a.avg_train_loss": [
            0.7126222133636475,
            0.7085223833719889
        ],
        "1.a.average_valid_loss": [
            0.703835979104042,
            0.7038178816437721
        ],
        "2.a.avg_train_loss": [
            0.7110151847203573,
            0.7087800065676372
        ],
        "2.a.average_valid_loss": [
            0.7030477821826935,
            0.7022309452295303
        ],
        "3.a.avg_train_loss": [
            0.7123454888661702,
            0.705604608853658
        ],
        "3.a.average_valid_loss": [
            0.7000446394085884,
            0.6988905072212219
        ],
        "4.a.avg_train_loss": [
            0.7046224673589071,
            0.6999786019325256
        ],
        "4.a.average_valid_loss": [
            0.6960942298173904,
            0.6948858574032784
        ],
        "5.a.avg_train_loss": [
            0.697744075457255,
            0.6991746385892232
        ],
        "5.a.average_valid_loss": [
            0.6919025182723999,
            0.6909558326005936
        ],
        "6.a.avg_train_loss": [
            0.6909155090649922,
            0.6946582635243733
        ],
        "6.a.average_valid_loss": [
            0.6881616562604904,
            0.6879089549183846
        ],
        "7.a.avg_train_loss": [
            0.686824639638265,
            0.6974163929621379
        ],
        "7.a.average_valid_loss": [
            0.6854654848575592,
            0.6855523586273193
        ],
        "8.a.avg_train_loss": [
            0.6881553173065186,
            0.6984579126040141
        ],
        "8.a.average_valid_loss": [
            0.6836678087711334,
            0.6840928494930267
        ],
        "9.a.avg_train_loss": [
            0.6849240700403849,
            0.6958112756411234
        ],
        "9.a.average_valid_loss": [
            0.6825510635972023,
            0.6828411668539047
        ],
        "10.a.avg_train_loss": [
            0.67745969692866,
            0.6954036235809327
        ],
        "10.a.average_valid_loss": [
            0.6815939992666245,
            0.6819723173975945
        ],
        "11.a.avg_train_loss": [
            0.6792615016301473,
            0.695822012424469
        ],
        "11.a.average_valid_loss": [
            0.6809456422924995,
            0.6813988983631134
        ],
        "12.a.avg_train_loss": [
            0.6776557803153992,
            0.6933446923891703
        ],
        "12.a.average_valid_loss": [
            0.6805868819355965,
            0.6808010637760162
        ],
        "13.a.avg_train_loss": [
            0.6801925778388977,
            0.6916816274325053
        ],
        "13.a.average_valid_loss": [
            0.6801510602235794,
            0.6804313436150551
        ],
        "14.a.avg_train_loss": [
            0.6779027660687764,
            0.6918001453081767
        ],
        "14.a.average_valid_loss": [
            0.6797916069626808,
            0.6799634695053101
        ],
        "15.a.avg_train_loss": [
            0.6806479851404826,
            0.687127689520518,
            0.6860441247622172
        ],
        "15.a.average_valid_loss": [
            0.6794202402234077,
            0.6794501319527626,
            0.6794079020619392
        ],
        "16.a.avg_train_loss": [
            0.681141984462738,
            0.689415184656779
        ],
        "16.a.average_valid_loss": [
            0.6791010499000549,
            0.6793363764882088
        ],
        "17.a.avg_train_loss": [
            0.6743926763534546,
            0.6903909365336101
        ],
        "17.a.average_valid_loss": [
            0.6786167770624161,
            0.6788636147975922
        ],
        "18.a.avg_train_loss": [
            0.6737195412317912,
            0.6902884443600973
        ],
        "18.a.average_valid_loss": [
            0.6783491373062134,
            0.6787995994091034
        ],
        "19.a.avg_train_loss": [
            0.6729034066200257,
            0.6909386118253072
        ],
        "19.a.average_valid_loss": [
            0.6779455617070198,
            0.6785382032394409
        ],
        "20.a.avg_train_loss": [
            0.6731703639030456,
            0.689352826277415
        ],
        "20.a.average_valid_loss": [
            0.6777693778276443,
            0.6783256530761719
        ],
        "21.a.avg_train_loss": [
            0.6712323228518168,
            0.6894800225893657
        ],
        "21.a.average_valid_loss": [
            0.6774236485362053,
            0.6779169887304306
        ],
        "22.a.avg_train_loss": [
            0.6717948953310648,
            0.6905089457829793
        ],
        "22.a.average_valid_loss": [
            0.67723398655653,
            0.6777107045054436
        ],
        "23.a.avg_train_loss": [
            0.6706090490023295,
            0.6906575163205465
        ],
        "23.a.average_valid_loss": [
            0.6770894229412079,
            0.6774710640311241
        ],
        "24.a.avg_train_loss": [
            0.6714602510134379,
            0.6900669654210408
        ],
        "24.a.average_valid_loss": [
            0.6766262128949165,
            0.6771920248866081
        ],
        "25.a.avg_train_loss": [
            0.6676888942718506,
            0.6880372563997904
        ],
        "25.a.average_valid_loss": [
            0.6762781888246536,
            0.6763129085302353
        ],
        "26.a.avg_train_loss": [
            0.6691338459650675,
            0.6897443453470866
        ],
        "26.a.average_valid_loss": [
            0.6761321052908897,
            0.6758624762296677
        ],
        "27.a.avg_train_loss": [
            0.6676331202189127,
            0.6878089070320129
        ],
        "27.a.average_valid_loss": [
            0.6755464598536491,
            0.6752836629748344
        ],
        "28.a.avg_train_loss": [
            0.6696099321047465,
            0.6904226819674174
        ],
        "28.a.average_valid_loss": [
            0.6754032596945763,
            0.675015427172184
        ],
        "29.a.avg_train_loss": [
            0.6729886809984843,
            0.6853558977444967
        ],
        "29.a.average_valid_loss": [
            0.675531730055809,
            0.6746451333165169
        ],
        "30.a.avg_train_loss": [
            0.6749807437260945,
            0.6811142206192017,
            0.6804552634557088
        ],
        "30.a.average_valid_loss": [
            0.675001285970211,
            0.6741829365491867,
            0.6739917248487473
        ],
        "31.a.avg_train_loss": [
            0.6746297121047974,
            0.6844061891237895
        ],
        "31.a.average_valid_loss": [
            0.6737169325351715,
            0.6737943813204765
        ],
        "32.a.avg_train_loss": [
            0.67059512535731,
            0.6848455746968587
        ],
        "32.a.average_valid_loss": [
            0.6732009798288345,
            0.6736490204930305
        ],
        "33.a.avg_train_loss": [
            0.6680488189061483,
            0.6888508001963297
        ],
        "33.a.average_valid_loss": [
            0.6724402457475662,
            0.67355627566576
        ],
        "34.a.avg_train_loss": [
            0.6695044040679932,
            0.6855868458747864
        ],
        "34.a.average_valid_loss": [
            0.6724301055073738,
            0.6733781322836876
        ],
        "35.a.avg_train_loss": [
            0.6668611526489258,
            0.6858424107233684
        ],
        "35.a.average_valid_loss": [
            0.671568363904953,
            0.6727064996957779
        ],
        "36.a.avg_train_loss": [
            0.6661004424095154,
            0.6869328697522481
        ],