{
    "NAME": "kaggle-nlp-disasters-rnn",
    "MEMO": "/home/ec2-user/.flor/kaggle-nlp-disasters-rnn/2022-02-10T03:24:09.json",
    "KVS": {
        "1.a.avg_train_loss": [
            0.6897322217623393,
            0.6941918094952901
        ],
        "1.a.average_valid_loss": [
            0.6823872476816177,
            0.6813161596655846
        ],
        "2.a.avg_train_loss": [
            0.6814706762631734,
            0.6912970662117004
        ],
        "2.a.average_valid_loss": [
            0.6807858496904373,
            0.6806439608335495
        ],
        "3.a.avg_train_loss": [
            0.6758816202481588,
            0.6925171335538228
        ],
        "3.a.average_valid_loss": [
            0.6801080852746964,
            0.6805337071418762
        ],
        "4.a.avg_train_loss": [
            0.6712257504463196,
            0.6917904059092204
        ],
        "4.a.average_valid_loss": [
            0.6810524091124535,
            0.6834773346781731
        ],
        "5.a.avg_train_loss": [
            0.6672850171724956,
            0.6916576941808065
        ],
        "5.a.average_valid_loss": [
            0.6848568469285965,
            0.6805942356586456
        ],
        "6.a.avg_train_loss": [
            0.6660247802734375,
            0.6880802273750305
        ],
        "6.a.average_valid_loss": [
            0.6849637180566788,
            0.6857170388102531
        ],
        "7.a.avg_train_loss": [
            0.6632675727208456,
            0.6921332518259684
        ],
        "7.a.average_valid_loss": [
            0.6798936352133751,
            0.6759548187255859
        ],
        "8.a.avg_train_loss": [
            0.6578514456748963,
            0.687861168384552
        ],
        "8.a.average_valid_loss": [
            0.6711838692426682,
            0.6704154685139656
        ],
        "9.a.avg_train_loss": [
            0.6594122330347697,
            0.6855042735735576
        ],
        "9.a.average_valid_loss": [
            0.676306240260601,
            0.6858309879899025
        ],
        "10.a.avg_train_loss": [
            0.6541873852411906,
            0.6858505765597026
        ],
        "10.a.average_valid_loss": [
            0.6803594678640366,
            0.6734605506062508
        ],
        "11.a.avg_train_loss": [
            0.6576924761136372,
            0.6842663168907166
        ],
        "11.a.average_valid_loss": [
            0.669365644454956,
            0.6673923060297966
        ],
        "12.a.avg_train_loss": [
            0.6609081149101257,
            0.6814076940218607
        ],
        "12.a.average_valid_loss": [
            0.6665781736373901,
            0.669080376625061
        ],
        "13.a.avg_train_loss": [
            0.6624926686286926,
            0.6790838201840719
        ],
        "13.a.average_valid_loss": [
            0.6668391600251198,
            0.666132740676403
        ],
        "14.a.avg_train_loss": [
            0.6585813462734222,
            0.6833273291587829
        ],
        "14.a.average_valid_loss": [
            0.7151818722486496,
            0.67386294901371
        ],
        "15.a.avg_train_loss": [
            0.6621868173281352,
            0.6775810678799947,
            0.6711747129758199
        ],
        "15.a.average_valid_loss": [
            0.784910686314106,
            0.6626218408346176,
            0.6922761127352715
        ],
        "16.a.avg_train_loss": [
            0.6621758977572123,
            0.6780334830284118
        ],
        "16.a.average_valid_loss": [
            0.6603423655033112,
            0.6657302230596542
        ],
        "17.a.avg_train_loss": [
            0.64959410627683,
            0.6788443247477214
        ],
        "17.a.average_valid_loss": [
            0.6647148057818413,
            0.6636117398738861
        ],
        "18.a.avg_train_loss": [
            0.6406641681989034,
            0.6829587539037069
        ],
        "18.a.average_valid_loss": [
            0.6670702919363976,
            0.6684388816356659
        ],
        "19.a.avg_train_loss": [
            0.6393476307392121,
            0.6737939278284709
        ],
        "19.a.average_valid_loss": [
            0.6472526639699936,
            0.6550336554646492
        ],
        "20.a.avg_train_loss": [
            0.6424637556076049,
            0.6731360753377279
        ],
        "20.a.average_valid_loss": [
            0.6477748230099678,
            0.6409867629408836
        ],
        "21.a.avg_train_loss": [
            0.6336702764034271,
            0.6680763761202494
        ],
        "21.a.average_valid_loss": [
            0.6343092694878578,
            0.6363816186785698
        ],
        "22.a.avg_train_loss": [
            0.6294728557268778,
            0.6637364983558655
        ],
        "22.a.average_valid_loss": [
            0.697194442152977,
            0.6786209121346474
        ],
        "23.a.avg_train_loss": [
            0.6278132319450378,
            0.6558983127276102
        ],
        "23.a.average_valid_loss": [
            0.6265489980578423,
            0.6932057589292526
        ],
        "24.a.avg_train_loss": [
            0.622094843784968,
            0.6436131755510967
        ],
        "24.a.average_valid_loss": [
            0.6178346797823906,
            0.651731476187706
        ],
        "25.a.avg_train_loss": [
            0.6339459915955862,
            0.6403799613316854
        ],
        "25.a.average_valid_loss": [
            0.6310358494520187,
            0.6275912672281265
        ],
        "26.a.avg_train_loss": [
            0.6289841075738271,
            0.6342152754465739
        ],
        "26.a.average_valid_loss": [
            0.6169743165373802,
            0.6272709667682648
        ],
        "27.a.avg_train_loss": [
            0.6360616207122802,
            0.6257123470306396
        ],
        "27.a.average_valid_loss": [
            0.6265512481331825,
            0.6115010008215904
        ],
        "28.a.avg_train_loss": [
            0.6198091705640157,
            0.6355619152386983
        ],
        "28.a.average_valid_loss": [
            0.6106270104646683,
            0.6117117553949356
        ],
        "29.a.avg_train_loss": [
            0.6315718094507853,
            0.6423170765240988
        ],
        "29.a.average_valid_loss": [
            0.6130055338144302,
            0.6267266348004341
        ],
        "30.a.avg_train_loss": [
            0.6126972953478496,
            0.6448703726132711,
            0.6224305232365926
        ],
        "30.a.average_valid_loss": [
            0.7732788771390915,
            0.6134351640939713,
            0.618156723678112
        ],
        "31.a.avg_train_loss": [
            0.6381058096885681,
            0.6692492485046386
        ],
        "31.a.average_valid_loss": [
            0.6665968671441078,
            0.7517126277089119
        ],
        "32.a.avg_train_loss": [
            0.6613604744275411,
            0.6745256741841634
        ],
        "32.a.average_valid_loss": [
            0.5927379503846169,
            0.6283103451132774
        ],
        "33.a.avg_train_loss": [
            0.6120200792948405,
            0.6302676280339559
        ],
        "33.a.average_valid_loss": [
            0.585432693362236,
            0.600898988544941
        ],
        "34.a.avg_train_loss": [
            0.5813586115837097,
            0.8458516279856364
        ],
        "34.a.average_valid_loss": [
            0.5739593654870987,
            0.6038919240236282
        ],
        "35.a.avg_train_loss": [
            0.5975061655044556,
            0.8208180030186971
        ],
        "35.a.average_valid_loss": [
            0.5749729424715042,
            0.6927553191781044
        ],
        "36.a.avg_train_loss": [
            0.6143388152122498,
            0.7364440401395161
        ],