{
    "NAME": "kaggle-nlp-disasters-rnn",
    "MEMO": "/home/codespace/.flor/kaggle-nlp-disasters-rnn/2022-02-02T00:37:27.json",
    "KVS": {
        "1.a.avg_train_loss": [
            0.6941011706988017,
            0.6888098080952962
        ],
        "1.a.average_valid_loss": [
            0.6804420650005341,
            0.6732184216380119
        ],
        "2.a.avg_train_loss": [
            0.680105984210968,
            0.6846503734588623
        ],
        "2.a.average_valid_loss": [
            0.6652116850018501,
            0.6605274826288223
        ],
        "3.a.avg_train_loss": [
            0.6681056578954061,
            0.6856608708699544
        ],
        "3.a.average_valid_loss": [
            0.6549517586827278,
            0.6520704180002213
        ],
        "4.a.avg_train_loss": [
            0.6659426252047221,
            0.6805393536885579
        ],
        "4.a.average_valid_loss": [
            0.6481374800205231,
            0.6463504731655121
        ],
        "5.a.avg_train_loss": [
            0.6578650712966919,
            0.6772190570831299
        ],
        "5.a.average_valid_loss": [
            0.6427398547530174,
            0.6412626430392265
        ],
        "6.a.avg_train_loss": [
            0.657994548479716,
            0.6779716610908508
        ],
        "6.a.average_valid_loss": [
            0.6379725784063339,
            0.6372421383857727
        ],
        "7.a.avg_train_loss": [
            0.654453694820404,
            0.6760465542475382
        ],
        "7.a.average_valid_loss": [
            0.6347010061144829,
            0.6328228786587715
        ],
        "8.a.avg_train_loss": [
            0.6549860596656799,
            0.6684857209523519
        ],
        "8.a.average_valid_loss": [
            0.6316281706094742,
            0.6297713220119476
        ],
        "9.a.avg_train_loss": [
            0.6486884872118632,
            0.6752001802126567
        ],
        "9.a.average_valid_loss": [
            0.6278518661856651,
            0.6259923204779625
        ],
        "10.a.avg_train_loss": [
            0.6504123210906982,
            0.6658774813016256
        ],
        "10.a.average_valid_loss": [
            0.6246134266257286,
            0.6235740035772324
        ],
        "11.a.avg_train_loss": [
            0.6532580057779948,
            0.6625142812728881
        ],
        "11.a.average_valid_loss": [
            0.6240391284227371,
            0.6298152357339859
        ],
        "12.a.avg_train_loss": [
            0.6469625433286031,
            0.6585273146629333
        ],
        "12.a.average_valid_loss": [
            0.6269800662994385,
            0.6408775821328163
        ],
        "13.a.avg_train_loss": [
            0.6454075813293457,
            0.6588924964269002
        ],
        "13.a.average_valid_loss": [
            0.6393250823020935,
            0.6502717733383179
        ],
        "14.a.avg_train_loss": [
            0.6477677941322326,
            0.6589500069618225
        ],
        "14.a.average_valid_loss": [
            0.6285496726632118,
            0.6439599916338921
        ],
        "15.a.avg_train_loss": [
            0.6462922255198161,
            0.6544204552968343,
            0.6487478653589884
        ],
        "15.a.average_valid_loss": [
            0.6141169965267181,
            0.6463978886604309,
            0.6300186589360237
        ],
        "16.a.avg_train_loss": [
            0.6435316284497579,
            0.6553715705871582
        ],
        "16.a.average_valid_loss": [
            0.6743045002222061,
            0.6361884921789169
        ],
        "17.a.avg_train_loss": [
            0.6395912448565165,
            0.6594912846883138
        ],
        "17.a.average_valid_loss": [
            0.6772226169705391,
            0.6435025185346603
        ],
        "18.a.avg_train_loss": [
            0.6367785692214966,
            0.6548014163970948
        ],
        "18.a.average_valid_loss": [
            0.6745548620820045,
            0.6675288900732994
        ],
        "19.a.avg_train_loss": [
            0.6338508288065593,
            0.6496192892392476
        ],
        "19.a.average_valid_loss": [
            0.7033157870173454,
            0.6527262404561043
        ],
        "20.a.avg_train_loss": [
            0.6355965216954549,
            0.6409886678059896
        ],
        "20.a.average_valid_loss": [
            0.6801782324910164,
            0.6567416340112686
        ]
    }
}