{
    "NAME": "kaggle-nlp-disasters-rnn",
    "MEMO": "/home/ec2-user/.flor/kaggle-nlp-disasters-rnn/2022-02-10T03:29:39.json",
    "KVS": {
        "1.a.avg_train_loss": [
            0.6981715798377991,
            0.6890905578931172
        ],
        "1.a.average_valid_loss": [
            0.6788932904601097,
            0.6815563887357712
        ],
        "2.a.avg_train_loss": [
            0.6797541856765748,
            0.6850234031677246
        ],
        "2.a.average_valid_loss": [
            0.6720608547329903,
            0.641963467001915
        ],
        "3.a.avg_train_loss": [
            0.6681428829828898,
            0.6661171158154805
        ],
        "3.a.average_valid_loss": [
            0.6293603181838989,
            0.6166679859161377
        ],
        "4.a.avg_train_loss": [
            0.6734981060028076,
            0.6307430624961853
        ],
        "4.a.average_valid_loss": [
            0.5969393253326416,
            0.6032704859972
        ],
        "5.a.avg_train_loss": [
            0.6311592022577922,
            0.6223545908927918
        ],
        "5.a.average_valid_loss": [
            0.5563405230641365,
            0.5597010478377342
        ],
        "6.a.avg_train_loss": [
            0.6042272845904032,
            0.6172707120577494
        ],
        "6.a.average_valid_loss": [
            0.5752203837037086,
            0.5713761076331139
        ],
        "7.a.avg_train_loss": [
            0.6314201394716898,
            0.6318179488182067
        ],
        "7.a.average_valid_loss": [
            0.5562935620546341,
            0.5942071229219437
        ],
        "8.a.avg_train_loss": [
            0.6031185030937195,
            0.6269118229548136
        ],
        "8.a.average_valid_loss": [
            0.5421617589890957,
            0.5559686124324799
        ],
        "9.a.avg_train_loss": [
            0.6279028534889222,
            0.6407793362935384
        ],
        "9.a.average_valid_loss": [
            0.5961016044020653,
            0.5562975406646729
        ],
        "10.a.avg_train_loss": [
            0.6430667201677959,
            0.6516457001368204
        ],
        "10.a.average_valid_loss": [
            0.5507423132658005,
            0.5952203571796417
        ],
        "11.a.avg_train_loss": [
            0.6553102989991506,
            0.6804773847262064
        ],
        "11.a.average_valid_loss": [
            0.6805722638964653,
            0.5685439854860306
        ],
        "12.a.avg_train_loss": [
            0.6397374192873637,
            0.702933136622111
        ],
        "12.a.average_valid_loss": [
            0.6376505792140961,
            0.5749762654304504
        ],
        "13.a.avg_train_loss": [
            0.6577025095621745,
            0.7012570977210999
        ],
        "13.a.average_valid_loss": [
            0.7159463837742805,
            0.5988208055496216
        ],
        "14.a.avg_train_loss": [
            0.6886458138624827,
            0.7653934200604756
        ],
        "14.a.average_valid_loss": [
            0.805310532450676,
            0.6253316849470139
        ],
        "15.a.avg_train_loss": [
            0.6883558332920074,
            0.7426243782043457,
            0.7148539980252584
        ],
        "15.a.average_valid_loss": [
            0.7647724524140358,
            0.6161837205290794,
            0.6807303056120872
        ],
        "16.a.avg_train_loss": [
            0.7637222210566202,
            0.7076357165972392
        ],
        "16.a.average_valid_loss": [
            0.6088388860225677,
            0.6724453046917915
        ],
        "17.a.avg_train_loss": [
            0.7465547561645508,
            0.6994857788085938
        ],
        "17.a.average_valid_loss": [
            0.6225080192089081,
            0.5970540046691895
        ],
        "18.a.avg_train_loss": [
            0.7095167418320973,
            0.7243436137835185
        ],
        "18.a.average_valid_loss": [
            0.6809728145599365,
            0.6356149986386299
        ],
        "19.a.avg_train_loss": [
            0.741659160455068,
            0.7721267223358155
        ],
        "19.a.average_valid_loss": [
            0.7530325129628181,
            0.6832096874713898
        ],
        "20.a.avg_train_loss": [
            0.7527028063933054,
            0.7693414767583211
        ],
        "20.a.average_valid_loss": [
            0.8304463252425194,
            0.6842787265777588
        ],
        "21.a.avg_train_loss": [
            0.7224994639555613,
            0.766446053981781
        ],
        "21.a.average_valid_loss": [
            0.8079510629177094,
            0.697861909866333
        ],
        "22.a.avg_train_loss": [
            0.7037553747495016,
            0.7569055040677388
        ],
        "22.a.average_valid_loss": [
            0.7661766111850739,
            0.7256359830498695
        ],
        "23.a.avg_train_loss": [
            0.6813253084818522,
            0.7499615510304769
        ],
        "23.a.average_valid_loss": [
            0.7405076771974564,
            0.7439092993736267
        ],
        "24.a.avg_train_loss": [
            0.7571455876032511,
            0.791406265894572
        ],
        "24.a.average_valid_loss": [
            0.7317730411887169,
            0.809963658452034
        ],
        "25.a.avg_train_loss": [
            0.9342884461085001,
            1.149379273255666
        ],
        "25.a.average_valid_loss": [
            0.710093580186367,
            0.8013283610343933
        ],
        "26.a.avg_train_loss": [
            1.091979044675827,
            1.3656476020812989
        ],
        "26.a.average_valid_loss": [
            0.7047005966305733,
            0.8151043504476547
        ],
        "27.a.avg_train_loss": [
            1.0329209665457408,
            0.7258379777272542
        ],
        "27.a.average_valid_loss": [
            0.6746902540326118,
            0.7285859882831573
        ],
        "28.a.avg_train_loss": [
            0.7821175456047058,
            0.7541705727577209
        ],
        "28.a.average_valid_loss": [
            0.7106862217187881,
            0.6592956259846687
        ],
        "29.a.avg_train_loss": [
            0.7043756445248922,
            0.7444014509518941
        ],
        "29.a.average_valid_loss": [
            0.7179955542087555,
            0.6662000566720963
        ],
        "30.a.avg_train_loss": [
            0.686416232585907,
            0.7533841570218404,
            0.9965322693188985
        ],
        "30.a.average_valid_loss": [
            0.704270526766777,
            0.7139533534646034,
            0.741570882499218
        ],
        "31.a.avg_train_loss": [
            0.7979957302411397,
            0.9485623518625895
        ],
        "31.a.average_valid_loss": [
            0.7835599631071091,
            0.7621590420603752
        ],
        "32.a.avg_train_loss": [
            1.018461239337921,
            1.0421478390693664
        ],
        "32.a.average_valid_loss": [
            0.8092336133122444,
            0.7480172589421272
        ],
        "33.a.avg_train_loss": [
            0.9954236666361491,
            0.9097697774569193
        ],
        "33.a.average_valid_loss": [
            0.7693822607398033,
            0.7614035159349442
        ],
        "34.a.avg_train_loss": [
            0.8849273006121318,
            0.9534154653549194
        ],
        "34.a.average_valid_loss": [
            0.7578278109431267,
            0.7657952383160591
        ],
        "35.a.avg_train_loss": [
            0.8939416289329529,
            0.8674836913744609
        ],
        "35.a.average_valid_loss": [
            0.7618392556905746,
            0.762864001095295
        ],
        "36.a.avg_train_loss": [
            0.9459209203720093,
            1.0087109247843424
        ],