{
    "NAME": "kaggle-nlp-disasters-rnn",
    "MEMO": "/home/codespace/.flor/kaggle-nlp-disasters-rnn/2022-02-02T00:15:47.json",
    "KVS": {
        "1.a.avg_train_loss": [
            0.7096578041712444,
            0.7006933013598124
        ],
        "1.a.average_valid_loss": [
            0.6894590109586716,
            0.6863045319914818
        ],
        "2.a.avg_train_loss": [
            0.6923043529192606,
            0.6973294655481974
        ],
        "2.a.average_valid_loss": [
            0.6819651052355766,
            0.6801282539963722
        ],
        "3.a.avg_train_loss": [
            0.6866874138514201,
            0.690784239768982
        ],
        "3.a.average_valid_loss": [
            0.6776043400168419,
            0.6764583364129066
        ],
        "4.a.avg_train_loss": [
            0.6771395365397136,
            0.6893639008204142
        ],
        "4.a.average_valid_loss": [
            0.674039363861084,
            0.6725115478038788
        ],
        "5.a.avg_train_loss": [
            0.6785814881324768,
            0.6830839157104492
        ],
        "5.a.average_valid_loss": [
            0.6701518967747688,
            0.6690725237131119
        ],
        "6.a.avg_train_loss": [
            0.6692241827646891,
            0.6816597183545431
        ],
        "6.a.average_valid_loss": [
            0.6662903651595116,
            0.665003813803196
        ],
        "7.a.avg_train_loss": [
            0.663550877571106,
            0.6836642742156982
        ],
        "7.a.average_valid_loss": [
            0.6621023789048195,
            0.6609769314527512
        ],
        "8.a.avg_train_loss": [
            0.6595050970713298,
            0.6754327336947124
        ],
        "8.a.average_valid_loss": [
            0.6584804579615593,
            0.6562659293413162
        ],
        "9.a.avg_train_loss": [
            0.6588661074638367,
            0.6667396704355876
        ],
        "9.a.average_valid_loss": [
            0.6533202677965164,
            0.6508676782250404
        ],
        "10.a.avg_train_loss": [
            0.6557082454363505,
            0.6645545125007629
        ],
        "10.a.average_valid_loss": [
            0.6479055285453796,
            0.6443186849355698
        ],
        "11.a.avg_train_loss": [
            0.6480698625246684,
            0.6608600378036499
        ],
        "11.a.average_valid_loss": [
            0.6385055035352707,
            0.6344991400837898
        ],
        "12.a.avg_train_loss": [
            0.6403836051623026,
            0.6472053925196329
        ],
        "12.a.average_valid_loss": [
            0.6289886981248856,
            0.624134249985218
        ],
        "13.a.avg_train_loss": [
            0.638157860438029,
            0.644329555829366
        ],
        "13.a.average_valid_loss": [
            0.6260638162493706,
            0.6153796538710594
        ],
        "14.a.avg_train_loss": [
            0.6257880449295044,
            0.6252894441286723
        ],
        "14.a.average_valid_loss": [
            0.6140817180275917,
            0.6065638065338135
        ],
        "15.a.avg_train_loss": [
            0.6186913092931111,
            0.623190991083781,
            0.6246177474657695
        ],
        "15.a.average_valid_loss": [
            0.6097876951098442,
            0.5991682186722755,
            0.6054796800017357
        ],
        "16.a.avg_train_loss": [
            0.61705375512441,
            0.6132844249407451
        ],
        "16.a.average_valid_loss": [
            0.5934289842844009,
            0.5891428738832474
        ],
        "17.a.avg_train_loss": [
            0.6030800104141235,
            0.5914874951044718
        ],
        "17.a.average_valid_loss": [
            0.5853495448827744,
            0.5803395360708237
        ],
        "18.a.avg_train_loss": [
            0.5882443308830261,
            0.5988074660301208
        ],
        "18.a.average_valid_loss": [
            0.5735137090086937,
            0.5724878534674644
        ],
        "19.a.avg_train_loss": [
            0.5777201414108276,
            0.5878304044405619
        ],
        "19.a.average_valid_loss": [
            0.5674107745289803,
            0.5613162443041801
        ],
        "20.a.avg_train_loss": [
            0.5735693415006001,
            0.5800058722496033
        ],
        "20.a.average_valid_loss": [
            0.5591308027505875,
            0.5542025938630104
        ],
        "21.a.avg_train_loss": [
            0.5526162445545196,
            0.5577388107776642
        ],
        "21.a.average_valid_loss": [
            0.5505288913846016,
            0.5471877381205559
        ],
        "22.a.avg_train_loss": [
            0.5628281792004903,
            0.549718995889028
        ],
        "22.a.average_valid_loss": [
            0.5482311397790909,
            0.5424353927373886
        ],
        "23.a.avg_train_loss": [
            0.5448830465475718,
            0.5413301308949788
        ],
        "23.a.average_valid_loss": [
            0.5408533811569214,
            0.5365393236279488
        ],
        "24.a.avg_train_loss": [
            0.5352517445882161,
            0.5257232646147411
        ],
        "24.a.average_valid_loss": [
            0.5319260321557522,
            0.5291214548051357
        ],
        "25.a.avg_train_loss": [
            0.5319606443246205,
            0.5176484068234761
        ],
        "25.a.average_valid_loss": [
            0.5258550494909286,
            0.5227272622287273
        ],
        "26.a.avg_train_loss": [
            0.5260238130887349,
            0.5153720895449321
        ],
        "26.a.average_valid_loss": [
            0.524276290088892,
            0.5194209292531013
        ],
        "27.a.avg_train_loss": [
            0.5149677971998851,
            0.49717307686805723
        ],
        "27.a.average_valid_loss": [
            0.520851343870163,
            0.5166833996772766
        ],
        "28.a.avg_train_loss": [
            0.5150713841120402,
            0.5042456130186717
        ],
        "28.a.average_valid_loss": [
            0.5141384527087212,
            0.5129483938217163
        ],
        "29.a.avg_train_loss": [
            0.5054656684398651,
            0.49621268510818484
        ],
        "29.a.average_valid_loss": [
            0.5105789788067341,
            0.5085724107921124
        ],
        "30.a.avg_train_loss": [
            0.5069598575433095,
            0.47843324740727744,
            0.49580063223838805
        ],
        "30.a.average_valid_loss": [
            0.5099553093314171,
            0.5083903595805168,
            0.511003527790308
        ],
        "31.a.avg_train_loss": [
            0.47382688919703164,
            0.4837113042672475
        ],
        "31.a.average_valid_loss": [
            0.5087963417172432,
            0.5052921697497368
        ],
        "32.a.avg_train_loss": [
            0.4690083642800649,
            0.48208608031272887
        ],
        "32.a.average_valid_loss": [
            0.5056931562721729,
            0.5017461776733398
        ],
        "33.a.avg_train_loss": [
            0.47081557710965477,
            0.4709118525187174
        ],
        "33.a.average_valid_loss": [
            0.5049664117395878,
            0.5023101195693016
        ],
        "34.a.avg_train_loss": [
            0.4667547047138214,
            0.4653435031572978
        ],
        "34.a.average_valid_loss": [
            0.5041902624070644,
            0.5006277859210968
        ],
        "35.a.avg_train_loss": [
            0.4593175669511159,
            0.4614032030105591
        ],
        "35.a.average_valid_loss": [
            0.5011418908834457,
            0.5052976608276367
        ],
        "36.a.avg_train_loss": [
            0.4597262998421987,
            0.43956082860628765
        ],