{
    "NAME": "kaggle-nlp-disasters-rnn",
    "MEMO": "/home/ubuntu/.flor/kaggle-nlp-disasters-rnn/2022-02-02T01:35:50.json",
    "KVS": {
        "1.a.avg_train_loss": [
            0.688084344069163,
            0.6815929134686788
        ],
        "1.a.average_valid_loss": [
            0.6696169525384903,
            0.6628188788890839
        ],
        "2.a.avg_train_loss": [
            0.6693444132804871,
            0.681126844882965
        ],
        "2.a.average_valid_loss": [
            0.6544228345155716,
            0.6526888757944107
        ],
        "3.a.avg_train_loss": [
            0.6565042495727539,
            0.6812998096148173
        ],
        "3.a.average_valid_loss": [
            0.6461169272661209,
            0.6472843214869499
        ],
        "4.a.avg_train_loss": [
            0.6575563549995422,
            0.6778488278388977
        ],
        "4.a.average_valid_loss": [
            0.6404906362295151,
            0.6407094672322273
        ],
        "5.a.avg_train_loss": [
            0.6589759429295857,
            0.6742011745770772
        ],
        "5.a.average_valid_loss": [
            0.6350113600492477,
            0.6336871385574341
        ],
        "6.a.avg_train_loss": [
            0.6511753320693969,
            0.6662965059280396
        ],
        "6.a.average_valid_loss": [
            0.6283318102359772,
            0.6263407692313194
        ],
        "7.a.avg_train_loss": [
            0.6485166271527608,
            0.6668166478474935
        ],
        "7.a.average_valid_loss": [
            0.622839018702507,
            0.6188645362854004
        ],
        "8.a.avg_train_loss": [
            0.6470309694608053,
            0.668559177716573
        ],
        "8.a.average_valid_loss": [
            0.6196633279323578,
            0.6171686127781868
        ],
        "9.a.avg_train_loss": [
            0.6449139038721721,
            0.6654192845026652
        ],
        "9.a.average_valid_loss": [
            0.62608952075243,
            0.621040053665638
        ],
        "10.a.avg_train_loss": [
            0.6472747365633646,
            0.6545398632685343
        ],
        "10.a.average_valid_loss": [
            0.6230811700224876,
            0.6424760818481445
        ],
        "11.a.avg_train_loss": [
            0.6387489636739095,
            0.6493295391400655
        ],
        "11.a.average_valid_loss": [
            0.6747986152768135,
            0.7209212630987167
        ],
        "12.a.avg_train_loss": [
            0.6398699442545573,
            0.6534895380338033
        ],
        "12.a.average_valid_loss": [
            0.7428507655858994,
            0.7602992355823517
        ],
        "13.a.avg_train_loss": [
            0.6380376617113749,
            0.6421408573786418
        ],
        "13.a.average_valid_loss": [
            0.7464010119438171,
            0.7927661016583443
        ],
        "14.a.avg_train_loss": [
            0.6384801387786865,
            0.6454276879628499
        ],
        "14.a.average_valid_loss": [
            0.7321110516786575,
            0.7440658807754517
        ],
        "15.a.avg_train_loss": [
            0.6323017040888469,
            0.6325549006462097,
            0.6275562644004822
        ],
        "15.a.average_valid_loss": [
            0.7159942388534546,
            0.8045607358217239,
            0.7265624403953552
        ],
        "16.a.avg_train_loss": [
            0.6281383117039998,
            0.6334760109583537
        ],
        "16.a.average_valid_loss": [
            0.788285918533802,
            0.7487140372395515
        ],
        "17.a.avg_train_loss": [
            0.623354971408844,
            0.6334033608436584
        ],
        "17.a.average_valid_loss": [
            0.7870488166809082,
            0.7135261371731758
        ],
        "18.a.avg_train_loss": [
            0.6157134493192037,
            0.6367594639460246
        ],
        "18.a.average_valid_loss": [
            0.7395833060145378,
            0.701464518904686
        ],
        "19.a.avg_train_loss": [
            0.6175894061724345,
            0.630220353603363
        ],
        "19.a.average_valid_loss": [
            0.7369491755962372,
            0.6875488981604576
        ],
        "20.a.avg_train_loss": [
            0.6147884051005046,
            0.6101003527641297
        ],
        "20.a.average_valid_loss": [
            0.710101380944252,
            0.6978942900896072
        ],
        "21.a.avg_train_loss": [
            0.6028034329414368,
            0.6326349417368571
        ],
        "21.a.average_valid_loss": [
            0.7645297423005104,
            0.6790160611271858
        ],
        "22.a.avg_train_loss": [
            0.6117090145746867,
            0.6106743613878886
        ],
        "22.a.average_valid_loss": [
            0.6957216337323189,
            0.6599163860082626
        ],
        "23.a.avg_train_loss": [
            0.6025396347045898,
            0.6040622472763062
        ],
        "23.a.average_valid_loss": [
            0.6939319223165512,
            0.6918188780546188
        ],
        "24.a.avg_train_loss": [
            0.6096319794654846,
            0.6020887335141499
        ],
        "24.a.average_valid_loss": [
            0.7339060753583908,
            0.6739022135734558
        ],
        "25.a.avg_train_loss": [
            0.5999289989471436,
            0.6052889307339986
        ],
        "25.a.average_valid_loss": [
            0.7059659659862518,
            0.6795863136649132
        ],
        "26.a.avg_train_loss": [
            0.59953799645106,
            0.6087264537811279
        ],
        "26.a.average_valid_loss": [
            0.6898044273257256,
            0.6716718301177025
        ],
        "27.a.avg_train_loss": [
            0.5915955185890198,
            0.5934586922327677
        ],
        "27.a.average_valid_loss": [
            0.6675127223134041,
            0.6718700900673866
        ],
        "28.a.avg_train_loss": [
            0.5858955184618632,
            0.583273184299469
        ],
        "28.a.average_valid_loss": [
            0.7056413739919662,
            0.701676569879055
        ],
        "29.a.avg_train_loss": [
            0.5797850410143535,
            0.5934109767278035
        ],
        "29.a.average_valid_loss": [
            0.6808757558465004,
            0.6705778911709785
        ],
        "30.a.avg_train_loss": [
            0.5825013558069865,
            0.5935843507448832,
            0.5948403437932333
        ],
        "30.a.average_valid_loss": [
            0.6488643735647202,
            0.6791576445102692,
            0.6454287767410278
        ],
        "31.a.avg_train_loss": [
            0.5860209743181864,
            0.5880089362462362
        ],
        "31.a.average_valid_loss": [
            0.6548997089266777,
            0.6252553462982178
        ],
        "32.a.avg_train_loss": [
            0.576553225517273,
            0.5900634090105693
        ],
        "32.a.average_valid_loss": [
            0.6708230152726173,
            0.6370260789990425
        ],
        "33.a.avg_train_loss": [
            0.5666797598203023,
            0.5841765324274699
        ],
        "33.a.average_valid_loss": [
            0.6678290292620659,
            0.6335671469569206
        ],
        "34.a.avg_train_loss": [
            0.5592327535152435,
            0.577977446715037
        ],
        "34.a.average_valid_loss": [
            0.6733167767524719,
            0.6241793781518936
        ],
        "35.a.avg_train_loss": [
            0.5775116721789042,
            0.5706544756889343
        ],
        "35.a.average_valid_loss": [
            0.662397488951683,
            0.6276878342032433
        ],
        "36.a.avg_train_loss": [
            0.5675259709358216,
            0.5716806928316752
        ],