{
    "NAME": "kaggle-nlp-disasters-rnn",
    "MEMO": "/home/ec2-user/.flor/kaggle-nlp-disasters-rnn/2022-02-10T03:17:06.json",
    "KVS": {
        "1.a.avg_train_loss": [
            0.7173541108767192,
            0.713314151763916
        ],
        "1.a.average_valid_loss": [
            0.70721036195755,
            0.7071851044893265
        ],
        "2.a.avg_train_loss": [
            0.7159727851549784,
            0.7123086214065552
        ],
        "2.a.average_valid_loss": [
            0.706261433660984,
            0.7052557989954948
        ],
        "3.a.avg_train_loss": [
            0.7096560160319011,
            0.7037241617838542
        ],
        "3.a.average_valid_loss": [
            0.7025371342897415,
            0.7010970562696457
        ],
        "4.a.avg_train_loss": [
            0.708890148003896,
            0.6993823726971944
        ],
        "4.a.average_valid_loss": [
            0.6977818533778191,
            0.6963919401168823
        ],
        "5.a.avg_train_loss": [
            0.6969158530235291,
            0.6971972823143006
        ],
        "5.a.average_valid_loss": [
            0.6930156126618385,
            0.6919989064335823
        ],
        "6.a.avg_train_loss": [
            0.6917035897572835,
            0.6946791489919026
        ],
        "6.a.average_valid_loss": [
            0.6891882866621017,
            0.688924603164196
        ],
        "7.a.avg_train_loss": [
            0.6918005426724751,
            0.6952005465825398
        ],
        "7.a.average_valid_loss": [
            0.6865642890334129,
            0.6866958066821098
        ],
        "8.a.avg_train_loss": [
            0.6832248608271281,
            0.6978593428929647
        ],
        "8.a.average_valid_loss": [
            0.6847869232296944,
            0.685252457857132
        ],
        "9.a.avg_train_loss": [
            0.6831754008928935,
            0.6940881808598837
        ],
        "9.a.average_valid_loss": [
            0.6838737055659294,
            0.6843554601073265
        ],
        "10.a.avg_train_loss": [
            0.6802900791168213,
            0.6942038536071777
        ],
        "10.a.average_valid_loss": [
            0.6828685700893402,
            0.6832039877772331
        ],
        "11.a.avg_train_loss": [
            0.6781954367955526,
            0.6953965107599894
        ],
        "11.a.average_valid_loss": [
            0.6821288093924522,
            0.6825201660394669
        ],
        "12.a.avg_train_loss": [
            0.6796685854593912,
            0.6918622414271037
        ],
        "12.a.average_valid_loss": [
            0.6817194074392319,
            0.6818639859557152
        ],
        "13.a.avg_train_loss": [
            0.67773810227712,
            0.6904941519101461
        ],
        "13.a.average_valid_loss": [
            0.6812475100159645,
            0.6814686059951782
        ],
        "14.a.avg_train_loss": [
            0.6772598266601563,
            0.6907829999923706
        ],
        "14.a.average_valid_loss": [
            0.6808248683810234,
            0.6808397322893143
        ],
        "15.a.avg_train_loss": [
            0.6818150560061137,
            0.6855335553487142,
            0.6851931015650431
        ],
        "15.a.average_valid_loss": [
            0.68048544973135,
            0.680494524538517,
            0.6802545711398125
        ],
        "16.a.avg_train_loss": [
            0.6808115323384603,
            0.6887380679448446
        ],
        "16.a.average_valid_loss": [
            0.6800476461648941,
            0.6799745783209801
        ],
        "17.a.avg_train_loss": [
            0.6755349198977153,
            0.6915019909540813
        ],
        "17.a.average_valid_loss": [
            0.6794799864292145,
            0.6797854602336884
        ],
        "18.a.avg_train_loss": [
            0.6750190456708273,
            0.6933672308921814
        ],
        "18.a.average_valid_loss": [
            0.6791806071996689,
            0.6797816455364227
        ],
        "19.a.avg_train_loss": [
            0.6748346368471781,
            0.6905811270078023
        ],
        "19.a.average_valid_loss": [
            0.6791339442133904,
            0.6797098219394684
        ],
        "20.a.avg_train_loss": [
            0.6716836373011271,
            0.6893419981002807
        ],
        "20.a.average_valid_loss": [
            0.6789045184850693,
            0.6797584146261215
        ],
        "21.a.avg_train_loss": [
            0.6729315559069315,
            0.6908659776051839
        ],
        "21.a.average_valid_loss": [
            0.6783879473805428,
            0.679151326417923
        ],
        "22.a.avg_train_loss": [
            0.6712285439173381,
            0.6898686170578003
        ],
        "22.a.average_valid_loss": [
            0.6780644580721855,
            0.6788851916790009
        ],
        "23.a.avg_train_loss": [
            0.6685808738072713,
            0.691251544157664
        ],
        "23.a.average_valid_loss": [
            0.6779251843690872,
            0.6781678348779678
        ],
        "24.a.avg_train_loss": [
            0.6711917757987976,
            0.6907507538795471
        ],
        "24.a.average_valid_loss": [
            0.6775687783956528,
            0.6784105598926544
        ],
        "25.a.avg_train_loss": [
            0.6691386938095093,
            0.6888782858848572
        ],
        "25.a.average_valid_loss": [
            0.6775390431284904,
            0.6775698661804199
        ],
        "26.a.avg_train_loss": [
            0.66941397190094,
            0.6885501186052958
        ],
        "26.a.average_valid_loss": [
            0.6769995093345642,
            0.6768068373203278
        ],
        "27.a.avg_train_loss": [
            0.670660940806071,
            0.6888205488522847
        ],
        "27.a.average_valid_loss": [
            0.6768393963575363,
            0.6765293627977371
        ],
        "28.a.avg_train_loss": [
            0.6708070317904155,
            0.6889512697855632
        ],
        "28.a.average_valid_loss": [
            0.6768132597208023,
            0.6760498955845833
        ],
        "29.a.avg_train_loss": [
            0.6712988972663879,
            0.68807932138443
        ],
        "29.a.average_valid_loss": [
            0.6771518811583519,
            0.6759926751255989
        ],
        "30.a.avg_train_loss": [
            0.6769516428311666,
            0.6810772856076558,
            0.6816321889559428
        ],
        "30.a.average_valid_loss": [
            0.676481194794178,
            0.6757703274488449,
            0.675575353205204
        ],
        "31.a.avg_train_loss": [
            0.6755761067072551,
            0.6855231285095215
        ],
        "31.a.average_valid_loss": [
            0.6752827316522598,
            0.6753032058477402
        ],
        "32.a.avg_train_loss": [
            0.6705276846885682,
            0.6897659023602803
        ],
        "32.a.average_valid_loss": [
            0.6748156696557999,
            0.6752080917358398
        ],
        "33.a.avg_train_loss": [
            0.6705087622006735,
            0.688625959555308
        ],
        "33.a.average_valid_loss": [
            0.6750795394182205,
            0.6760543584823608
        ],
        "34.a.avg_train_loss": [
            0.6699933528900146,
            0.6870439251263937
        ],
        "34.a.average_valid_loss": [
            0.6746857240796089,
            0.6760718151926994
        ],
        "35.a.avg_train_loss": [
            0.6686846494674683,
            0.6877850850423177
        ],
        "35.a.average_valid_loss": [
            0.6742548048496246,
            0.6757352948188782
        ],
        "36.a.avg_train_loss": [
            0.6715096155802409,
            0.6904974659283956
        ],