{
    "NAME": "kaggle-nlp-disasters-rnn",
    "MEMO": "/home/ec2-user/.flor/kaggle-nlp-disasters-rnn/2022-02-10T03:27:54.json",
    "KVS": {
        "1.a.avg_train_loss": [
            0.6817016522089641,
            0.6967367092768352
        ],
        "1.a.average_valid_loss": [
            0.6780562698841095,
            0.6781170964241028
        ],
        "2.a.avg_train_loss": [
            0.680078919728597,
            0.6901038646697998
        ],
        "2.a.average_valid_loss": [
            0.6781840026378632,
            0.6787177175283432
        ],
        "3.a.avg_train_loss": [
            0.6746236880620321,
            0.6980848630269368
        ],
        "3.a.average_valid_loss": [
            0.6782476007938385,
            0.6801055297255516
        ],
        "4.a.avg_train_loss": [
            0.6743856390317281,
            0.6934640367825826
        ],
        "4.a.average_valid_loss": [
            0.6787201389670372,
            0.6813112795352936
        ],
        "5.a.avg_train_loss": [
            0.6721234083175659,
            0.6902907013893127
        ],
        "5.a.average_valid_loss": [
            0.6792280375957489,
            0.6816423237323761
        ],
        "6.a.avg_train_loss": [
            0.6733719944953919,
            0.6904516061147054
        ],
        "6.a.average_valid_loss": [
            0.6789771839976311,
            0.6826527491211891
        ],
        "7.a.avg_train_loss": [
            0.6717254002888997,
            0.689392109711965
        ],
        "7.a.average_valid_loss": [
            0.6786761581897736,
            0.680512323975563
        ],
        "8.a.avg_train_loss": [
            0.6695549408594768,
            0.6916677196820576
        ],
        "8.a.average_valid_loss": [
            0.678455039858818,
            0.6813386231660843
        ],
        "9.a.avg_train_loss": [
            0.670818583170573,
            0.6898364226023356
        ],
        "9.a.average_valid_loss": [
            0.6782766431570053,
            0.6848233342170715
        ],
        "10.a.avg_train_loss": [
            0.6693154613176981,
            0.6880692919095357
        ],
        "10.a.average_valid_loss": [
            0.6774597615003586,
            0.6812984868884087
        ],
        "11.a.avg_train_loss": [
            0.6663011034329732,
            0.6903331756591797
        ],
        "11.a.average_valid_loss": [
            0.679264523088932,
            0.6782742589712143
        ],
        "12.a.avg_train_loss": [
            0.6648139119148254,
            0.6893787185351054
        ],
        "12.a.average_valid_loss": [
            0.6815759390592575,
            0.6774564385414124
        ],
        "13.a.avg_train_loss": [
            0.6629793246587118,
            0.6868312199910481
        ],
        "13.a.average_valid_loss": [
            0.6892955303192139,
            0.6764895245432854
        ],
        "14.a.avg_train_loss": [
            0.6631697376569112,
            0.6873960137367249
        ],
        "14.a.average_valid_loss": [
            0.7064056247472763,
            0.6753073632717133
        ],
        "15.a.avg_train_loss": [
            0.6694821198781331,
            0.6821663737297058,
            0.6764510234196981
        ],
        "15.a.average_valid_loss": [
            0.7106461599469185,
            0.6730138659477234,
            0.6839826107025146
        ],
        "16.a.avg_train_loss": [
            0.6705365777015686,
            0.6817128380139669
        ],
        "16.a.average_valid_loss": [
            0.6702181547880173,
            0.6764511093497276
        ],
        "17.a.avg_train_loss": [
            0.6646348595619201,
            0.682432500521342
        ],
        "17.a.average_valid_loss": [
            0.6693345531821251,
            0.6712478473782539
        ],
        "18.a.avg_train_loss": [
            0.6594293435414632,
            0.6814397096633911
        ],
        "18.a.average_valid_loss": [
            0.6679821535944939,
            0.6667525917291641
        ],
        "19.a.avg_train_loss": [
            0.6589162588119507,
            0.6830008943875631
        ],
        "19.a.average_valid_loss": [
            0.6648702025413513,
            0.6684126034379005
        ],
        "20.a.avg_train_loss": [
            0.6564092040061951,
            0.6834454615910848
        ],
        "20.a.average_valid_loss": [
            0.6700082346796989,
            0.6667158231139183
        ],
        "21.a.avg_train_loss": [
            0.6497178673744202,
            0.6786791563034058
        ],
        "21.a.average_valid_loss": [
            0.667784072458744,
            0.6675268039107323
        ],
        "22.a.avg_train_loss": [
            0.6569347341855367,
            0.6708558718363444
        ],
        "22.a.average_valid_loss": [
            0.6625071316957474,
            0.6595706939697266
        ],
        "23.a.avg_train_loss": [
            0.6498027642567953,
            0.6736871719360351
        ],
        "23.a.average_valid_loss": [
            0.6600957587361336,
            0.6576180681586266
        ],
        "24.a.avg_train_loss": [
            0.6557407855987549,
            0.6737372040748596
        ],
        "24.a.average_valid_loss": [
            0.6620656847953796,
            0.6690506860613823
        ],
        "25.a.avg_train_loss": [
            0.6512124061584472,
            0.6714055975278218
        ],
        "25.a.average_valid_loss": [
            0.6604013815522194,
            0.6589418798685074
        ],
        "26.a.avg_train_loss": [
            0.6497361262639364,
            0.6696151296297709
        ],
        "26.a.average_valid_loss": [
            0.6563234478235245,
            0.6549413353204727
        ],
        "27.a.avg_train_loss": [
            0.6534595052401225,
            0.6731851458549499
        ],
        "27.a.average_valid_loss": [
            0.6564900949597359,
            0.6544769331812859
        ],
        "28.a.avg_train_loss": [
            0.6452613929907481,
            0.6662413160006205
        ],
        "28.a.average_valid_loss": [
            0.6541423127055168,
            0.6510996073484421
        ],
        "29.a.avg_train_loss": [
            0.6424667616685231,
            0.6694235324859619
        ],
        "29.a.average_valid_loss": [
            0.7017720714211464,
            0.6531227082014084
        ],
        "30.a.avg_train_loss": [
            0.6460411230723063,
            0.6507674336433411,
            0.6570534586906434
        ],
        "30.a.average_valid_loss": [
            0.7451446577906609,
            0.6410741657018661,
            0.6725457310676575
        ],
        "31.a.avg_train_loss": [
            0.6424961109956105,
            0.6519585013389587
        ],
        "31.a.average_valid_loss": [
            0.6401154026389122,
            0.6516694724559784
        ],
        "32.a.avg_train_loss": [
            0.6356722712516785,
            0.6638290087381998
        ],
        "32.a.average_valid_loss": [
            0.63526900857687,
            0.6408759132027626
        ],
        "33.a.avg_train_loss": [
            0.6328811804453532,
            0.65830500125885
        ],
        "33.a.average_valid_loss": [
            0.6425836235284805,
            0.6344743221998215
        ],
        "34.a.avg_train_loss": [
            0.6220015605290731,
            0.6539867321650187
        ],
        "34.a.average_valid_loss": [
            0.6295637562870979,
            0.6329405084252357
        ],
        "35.a.avg_train_loss": [
            0.6201742211977641,
            0.6467925826708476
        ],
        "35.a.average_valid_loss": [
            0.6252755969762802,
            0.6234347149729729
        ],
        "36.a.avg_train_loss": [
            0.6114709973335266,
            0.6442997097969055
        ],