{
    "NAME": "kaggle-nlp-disasters-rnn",
    "MEMO": "/home/ec2-user/.flor/kaggle-nlp-disasters-rnn/2022-02-10T03:18:41.json",
    "KVS": {
        "1.a.avg_train_loss": [
            0.6838500142097473,
            0.6909647464752198
        ],
        "1.a.average_valid_loss": [
            0.6805102825164795,
            0.6805098429322243
        ],
        "2.a.avg_train_loss": [
            0.6779468695322672,
            0.6931299606959025
        ],
        "2.a.average_valid_loss": [
            0.6803846657276154,
            0.6803770139813423
        ],
        "3.a.avg_train_loss": [
            0.675501000881195,
            0.6959351936976115
        ],
        "3.a.average_valid_loss": [
            0.6800220608711243,
            0.6801081746816635
        ],
        "4.a.avg_train_loss": [
            0.6774873852729797,
            0.6951259970664978
        ],
        "4.a.average_valid_loss": [
            0.6796010285615921,
            0.679716020822525
        ],
        "5.a.avg_train_loss": [
            0.6741665244102478,
            0.6888728102048238
        ],
        "5.a.average_valid_loss": [
            0.6790653318166733,
            0.679135873913765
        ],
        "6.a.avg_train_loss": [
            0.6749231298764546,
            0.6966681122779846
        ],
        "6.a.average_valid_loss": [
            0.67856115847826,
            0.67874875664711
        ],
        "7.a.avg_train_loss": [
            0.6725159883499146,
            0.6920870780944824
        ],
        "7.a.average_valid_loss": [
            0.6781719028949738,
            0.6782188266515732
        ],
        "8.a.avg_train_loss": [
            0.6713737726211548,
            0.6924129923184713
        ],
        "8.a.average_valid_loss": [
            0.6776424795389175,
            0.6776490435004234
        ],
        "9.a.avg_train_loss": [
            0.6715498526891073,
            0.6915829022725423
        ],
        "9.a.average_valid_loss": [
            0.6771080866456032,
            0.6772235780954361
        ],
        "10.a.avg_train_loss": [
            0.6721578955650329,
            0.6909826358159383
        ],
        "10.a.average_valid_loss": [
            0.6768113076686859,
            0.6766971349716187
        ],
        "11.a.avg_train_loss": [
            0.6691789666811625,
            0.691789714495341
        ],
        "11.a.average_valid_loss": [
            0.6765534579753876,
            0.6763323321938515
        ],
        "12.a.avg_train_loss": [
            0.6729316393534343,
            0.6905540903409322
        ],
        "12.a.average_valid_loss": [
            0.6764029711484909,
            0.6762161105871201
        ],
        "13.a.avg_train_loss": [
            0.6716245293617249,
            0.6875489314397176
        ],
        "13.a.average_valid_loss": [
            0.6761490628123283,
            0.67560163885355
        ],
        "14.a.avg_train_loss": [
            0.6728545983632406,
            0.6873560269673665
        ],
        "14.a.average_valid_loss": [
            0.6754762232303619,
            0.6750545427203178
        ],
        "15.a.avg_train_loss": [
            0.6742801427841186,
            0.6821452339490255,
            0.6820861419041951
        ],
        "15.a.average_valid_loss": [
            0.6749793514609337,
            0.674458421766758,
            0.6745068728923798
        ],
        "16.a.avg_train_loss": [
            0.6734538157780965,
            0.6838324785232544
        ],
        "16.a.average_valid_loss": [
            0.6738237217068672,
            0.6738026514649391
        ],
        "17.a.avg_train_loss": [
            0.6685700615247091,
            0.6856769363085429
        ],
        "17.a.average_valid_loss": [
            0.6728625297546387,
            0.6730566248297691
        ],
        "18.a.avg_train_loss": [
            0.6689577460289001,
            0.6896644194920858
        ],
        "18.a.average_valid_loss": [
            0.6723171100020409,
            0.6728971004486084
        ],
        "19.a.avg_train_loss": [
            0.6658486326535543,
            0.6875754992167155
        ],
        "19.a.average_valid_loss": [
            0.6716039925813675,
            0.6723608151078224
        ],
        "20.a.avg_train_loss": [
            0.6674820025761922,
            0.6873770197232564
        ],
        "20.a.average_valid_loss": [
            0.6709382459521294,
            0.6719319000840187
        ],
        "21.a.avg_train_loss": [
            0.6641915321350098,
            0.6875746647516886
        ],
        "21.a.average_valid_loss": [
            0.6704303175210953,
            0.6717076078057289
        ],
        "22.a.avg_train_loss": [
            0.6630042672157288,
            0.6863788485527038
        ],
        "22.a.average_valid_loss": [
            0.6701902225613594,
            0.6708953455090523
        ],
        "23.a.avg_train_loss": [
            0.6661479274431864,
            0.6861489494641622
        ],
        "23.a.average_valid_loss": [
            0.669963002204895,
            0.6697668582201004
        ],
        "24.a.avg_train_loss": [
            0.6650594433148702,
            0.6876077850659689
        ],
        "24.a.average_valid_loss": [
            0.6687512770295143,
            0.669766366481781
        ],
        "25.a.avg_train_loss": [
            0.6627318501472473,
            0.6813993533452352
        ],
        "25.a.average_valid_loss": [
            0.6685142517089844,
            0.6680067405104637
        ],
        "26.a.avg_train_loss": [
            0.6647109508514404,
            0.6870709657669067
        ],
        "26.a.average_valid_loss": [
            0.6700243279337883,
            0.6682729944586754
        ],
        "27.a.avg_train_loss": [
            0.6625452836354574,
            0.6843478322029114
        ],
        "27.a.average_valid_loss": [
            0.6707557961344719,
            0.667432889342308
        ],
        "28.a.avg_train_loss": [
            0.6639402310053507,
            0.685492750008901
        ],
        "28.a.average_valid_loss": [
            0.6713158190250397,
            0.667143389582634
        ],
        "29.a.avg_train_loss": [
            0.6618642330169677,
            0.6839314579963685
        ],
        "29.a.average_valid_loss": [
            0.6715407967567444,
            0.6666134670376778
        ],
        "30.a.avg_train_loss": [
            0.6654815634091695,
            0.6776529788970947,
            0.6759780406951904
        ],
        "30.a.average_valid_loss": [
            0.6707758381962776,
            0.6657932475209236,
            0.6665809527039528
        ],
        "31.a.avg_train_loss": [
            0.670933743317922,
            0.6808098316192627
        ],
        "31.a.average_valid_loss": [
            0.6652238443493843,
            0.666120171546936
        ],
        "32.a.avg_train_loss": [
            0.6641855915387471,
            0.6823939601580302
        ],
        "32.a.average_valid_loss": [
            0.6652537062764168,
            0.6658727899193764
        ],
        "33.a.avg_train_loss": [
            0.6602155764897665,
            0.6823237975438435
        ],
        "33.a.average_valid_loss": [
            0.6647270619869232,
            0.6653128117322922
        ],
        "34.a.avg_train_loss": [
            0.6624029755592347,
            0.685713545481364
        ],
        "34.a.average_valid_loss": [
            0.6632334887981415,
            0.6662973538041115
        ],
        "35.a.avg_train_loss": [
            0.6611952106157939,
            0.6826770742734273
        ],
        "35.a.average_valid_loss": [
            0.6633209511637688,
            0.6654150858521461
        ],
        "36.a.avg_train_loss": [
            0.6618601322174072,
            0.6792750199635823
        ],