{
    "NAME": "kaggle-nlp-disasters-rnn",
    "MEMO": "/home/ec2-user/.flor/kaggle-nlp-disasters-rnn/2022-02-07T20:43:32.json",
    "KVS": {
        "1.a.avg_train_loss": [
            0.6953584710756938,
            0.6984163125356039
        ],
        "1.a.average_valid_loss": [
            0.6848694831132889,
            0.6843475550413132
        ],
        "2.a.avg_train_loss": [
            0.6867097179094951,
            0.6932531118392944
        ],
        "2.a.average_valid_loss": [
            0.6827150359749794,
            0.6822319626808167
        ],
        "3.a.avg_train_loss": [
            0.6790829181671143,
            0.6902163823445638
        ],
        "3.a.average_valid_loss": [
            0.6805188953876495,
            0.6797891482710838
        ],
        "4.a.avg_train_loss": [
            0.6767027775446574,
            0.687743854522705
        ],
        "4.a.average_valid_loss": [
            0.6781292334198952,
            0.6771904975175858
        ],
        "5.a.avg_train_loss": [
            0.6742754419644673,
            0.688539961973826
        ],
        "5.a.average_valid_loss": [
            0.6754860728979111,
            0.6746923848986626
        ],
        "6.a.avg_train_loss": [
            0.6693180839220683,
            0.6859522620836894
        ],
        "6.a.average_valid_loss": [
            0.6727569624781609,
            0.6719440147280693
        ],
        "7.a.avg_train_loss": [
            0.6680147647857666,
            0.6857213179270426
        ],
        "7.a.average_valid_loss": [
            0.6703007593750954,
            0.6686337813735008
        ],
        "8.a.avg_train_loss": [
            0.6636689742406209,
            0.680850883324941
        ],
        "8.a.average_valid_loss": [
            0.666101261973381,
            0.6638693735003471
        ],
        "9.a.avg_train_loss": [
            0.6627524971961976,
            0.673616906007131
        ],
        "9.a.average_valid_loss": [
            0.6608218401670456,
            0.6583139002323151
        ],
        "10.a.avg_train_loss": [
            0.6597569108009338,
            0.6633837461471558
        ],
        "10.a.average_valid_loss": [
            0.6532662510871887,
            0.6487863659858704
        ],
        "11.a.avg_train_loss": [
            0.658100938796997,
            0.6620491902033488
        ],
        "11.a.average_valid_loss": [
            0.644242949783802,
            0.6446761786937714
        ],
        "12.a.avg_train_loss": [
            0.6510201573371888,
            0.6588971455891927
        ],
        "12.a.average_valid_loss": [
            0.6388145759701729,
            0.6333893463015556
        ],
        "13.a.avg_train_loss": [
            0.6484663208325704,
            0.6520049889882406
        ],
        "13.a.average_valid_loss": [
            0.6338163539767265,
            0.6237325891852379
        ],
        "14.a.avg_train_loss": [
            0.6423151691754659,
            0.644616429011027
        ],
        "14.a.average_valid_loss": [
            0.6227849945425987,
            0.6129083260893822
        ],
        "15.a.avg_train_loss": [
            0.6286665360132854,
            0.6296554406483968,
            0.6284716526667277
        ],
        "15.a.average_valid_loss": [
            0.6080015823245049,
            0.6017453297972679,
            0.5978038236498833
        ],
        "16.a.avg_train_loss": [
            0.6184953292210896,
            0.6285665114720662
        ],
        "16.a.average_valid_loss": [
            0.5908214300870895,
            0.5839167162775993
        ],
        "17.a.avg_train_loss": [
            0.5979212601979573,
            0.6205692370732625
        ],
        "17.a.average_valid_loss": [
            0.5820709466934204,
            0.571324534714222
        ],
        "18.a.avg_train_loss": [
            0.5805186947186788,
            0.6013323545455933
        ],
        "18.a.average_valid_loss": [
            0.5602380484342575,
            0.5578377023339272
        ],
        "19.a.avg_train_loss": [
            0.5751150528589885,
            0.5940108696619669
        ],
        "19.a.average_valid_loss": [
            0.5526982024312019,
            0.5533568114042282
        ],
        "20.a.avg_train_loss": [
            0.5717825015385946,
            0.5888712286949158
        ],
        "20.a.average_valid_loss": [
            0.5536404922604561,
            0.5433536097407341
        ],
        "21.a.avg_train_loss": [
            0.5705423831939698,
            0.5750124394893646
        ],
        "21.a.average_valid_loss": [
            0.5500695779919624,
            0.5282915234565735
        ],
        "22.a.avg_train_loss": [
            0.5648063103357951,
            0.5675770163536071
        ],
        "22.a.average_valid_loss": [
            0.549769215285778,
            0.527534730732441
        ],
        "23.a.avg_train_loss": [
            0.5418828845024108,
            0.5516085386276245
        ],
        "23.a.average_valid_loss": [
            0.5206050984561443,
            0.5155728571116924
        ],
        "24.a.avg_train_loss": [
            0.54546590646108,
            0.5333559016386668
        ],
        "24.a.average_valid_loss": [
            0.5159420035779476,
            0.5132578425109386
        ],
        "25.a.avg_train_loss": [
            0.5437786678473154,
            0.5340284168720245
        ],
        "25.a.average_valid_loss": [
            0.5141099318861961,
            0.4994860664010048
        ],
        "26.a.avg_train_loss": [
            0.5390308698018392,
            0.5238702992598215
        ],
        "26.a.average_valid_loss": [
            0.5098413713276386,
            0.5007194206118584
        ],
        "27.a.avg_train_loss": [
            0.5297548413276673,
            0.5017707089583079
        ],
        "27.a.average_valid_loss": [
            0.4970553182065487,
            0.4933950826525688
        ],
        "28.a.avg_train_loss": [
            0.5284553130467733,
            0.5147279739379883
        ],
        "28.a.average_valid_loss": [
            0.5016404762864113,
            0.49231693521142006
        ],
        "29.a.avg_train_loss": [
            0.5108808159828186,
            0.5033752977848053
        ],
        "29.a.average_valid_loss": [
            0.4869648478925228,
            0.48564618453383446
        ],
        "30.a.avg_train_loss": [
            0.5031858722368876,
            0.49688488443692524,
            0.490149853626887
        ],
        "30.a.average_valid_loss": [
            0.48518554121255875,
            0.4841631054878235,
            0.4816729165613651
        ],
        "31.a.avg_train_loss": [
            0.48239689668019614,
            0.49581520160039266
        ],
        "31.a.average_valid_loss": [
            0.4814395532011986,
            0.4778485968708992
        ],
        "32.a.avg_train_loss": [
            0.4780003766218821,
            0.4967147489388784
        ],
        "32.a.average_valid_loss": [
            0.47903263941407204,
            0.48253509029746056
        ],
        "33.a.avg_train_loss": [
            0.4536757210890452,
            0.48161808451016747
        ],
        "33.a.average_valid_loss": [
            0.47739337384700775,
            0.4749414958059788
        ],
        "34.a.avg_train_loss": [
            0.4678406099478404,
            0.47815338969230653
        ],
        "34.a.average_valid_loss": [
            0.47541193291544914,
            0.47387295588850975
        ],
        "35.a.avg_train_loss": [
            0.4694422721862793,
            0.47863725225130715
        ],
        "35.a.average_valid_loss": [
            0.4852973446249962,
            0.47318969666957855
        ],
        "36.a.avg_train_loss": [
            0.4640950659910838,
            0.4680487314860026
        ],